-- MySQL dump 10.13  Distrib 5.7.25, for Linux (x86_64)
--
-- Host: localhost    Database: prog_curz
-- ------------------------------------------------------
-- Server version	5.7.25

/*!40101 SET @OLD_CHARACTER_SET_CLIENT=@@CHARACTER_SET_CLIENT */;
/*!40101 SET @OLD_CHARACTER_SET_RESULTS=@@CHARACTER_SET_RESULTS */;
/*!40101 SET @OLD_COLLATION_CONNECTION=@@COLLATION_CONNECTION */;
/*!40101 SET NAMES utf8 */;
/*!40103 SET @OLD_TIME_ZONE=@@TIME_ZONE */;
/*!40103 SET TIME_ZONE='+00:00' */;
/*!40014 SET @OLD_UNIQUE_CHECKS=@@UNIQUE_CHECKS, UNIQUE_CHECKS=0 */;
/*!40014 SET @OLD_FOREIGN_KEY_CHECKS=@@FOREIGN_KEY_CHECKS, FOREIGN_KEY_CHECKS=0 */;
/*!40101 SET @OLD_SQL_MODE=@@SQL_MODE, SQL_MODE='NO_AUTO_VALUE_ON_ZERO' */;
/*!40111 SET @OLD_SQL_NOTES=@@SQL_NOTES, SQL_NOTES=0 */;

--
-- Table structure for table `asignatura`
--

DROP TABLE IF EXISTS `asignatura`;
/*!40101 SET @saved_cs_client     = @@character_set_client */;
/*!40101 SET character_set_client = utf8 */;
CREATE TABLE `asignatura` (
  `id` int(11) NOT NULL AUTO_INCREMENT,
  `orden` int(11) DEFAULT NULL,
  `nomenclatura` varchar(255) COLLATE utf8_spanish_ci NOT NULL,
  `curso` int(11) DEFAULT NULL,
  `cuatrimestre` int(11) DEFAULT NULL,
  `carga_horaria_sem` int(11) DEFAULT NULL,
  `carga_horaria_cuatr` int(11) DEFAULT NULL,
  `plan_id` int(11) DEFAULT NULL,
  `departamento_id` int(11) DEFAULT NULL,
  PRIMARY KEY (`id`),
  KEY `planasignatura` (`plan_id`),
  KEY `departamentoasignatura` (`departamento_id`),
  CONSTRAINT `departamentoasignatura` FOREIGN KEY (`departamento_id`) REFERENCES `departamento` (`id`) ON DELETE NO ACTION ON UPDATE NO ACTION,
  CONSTRAINT `planasignatura` FOREIGN KEY (`plan_id`) REFERENCES `plan` (`id`) ON DELETE NO ACTION ON UPDATE NO ACTION
) ENGINE=InnoDB AUTO_INCREMENT=190 DEFAULT CHARSET=utf8 COLLATE=utf8_spanish_ci;
/*!40101 SET character_set_client = @saved_cs_client */;

--
-- Dumping data for table `asignatura`
--

LOCK TABLES `asignatura` WRITE;
/*!40000 ALTER TABLE `asignatura` DISABLE KEYS */;
INSERT INTO `asignatura` VALUES (1,NULL,'Introducción a las Ciencias Aplicadas',0,1,NULL,64,1,NULL),(2,NULL,'Introducción al Cuidado de la Salud',0,1,NULL,80,1,NULL),(3,NULL,'Morfofisiología Aplicada',0,0,NULL,128,1,NULL),(4,NULL,'Psicología General y Evolutiva',0,0,NULL,64,1,NULL),(5,NULL,'Aspectos Antropológicos del Cuidado',0,1,NULL,64,1,NULL),(6,NULL,'Fundamentos de Enfermería',0,1,NULL,240,1,NULL),(7,NULL,'Física y Química Biológica Aplicadas',0,1,NULL,64,1,NULL),(8,NULL,'Microbiología y Parasitología',0,1,NULL,64,1,NULL),(9,NULL,'Cuidados Enfermeros de Salud Psicosocial',1,0,NULL,192,1,NULL),(10,NULL,'Farmacología I',1,1,NULL,48,1,NULL),(11,NULL,'Nutrición y Dietoterapia',1,1,NULL,64,1,NULL),(12,NULL,'Cuidados del Adulto y del Anciano',1,0,NULL,384,1,NULL),(13,NULL,'Aspectos Bioéticos y Legales del Cuidado Enfermero',1,1,NULL,64,1,NULL),(14,NULL,'Psicología Social y de las Organizaciones',0,1,NULL,48,1,NULL),(15,NULL,'Famacología II',0,1,NULL,64,1,NULL),(16,NULL,'Cuidados de la Salud de la Mujer',0,1,NULL,208,1,NULL),(17,NULL,'Bioestadística y Epidemiología Aplicada',0,1,NULL,80,1,NULL),(18,NULL,'Aspectos Sociológicos del Cuidado',0,1,NULL,48,1,NULL),(19,NULL,'Inglés',0,0,NULL,96,1,NULL),(20,NULL,'Cuidados para la Salud Comunitaria I',0,1,NULL,96,1,NULL),(21,NULL,'Cuidados de la Salud de Niños y Adolescentes',0,1,NULL,192,1,NULL),(22,NULL,'Fundamentos de Investigación en Enfermería',0,1,NULL,64,1,NULL),(23,NULL,'Práctica Integradora de Cuidados Enfermeros I',0,1,NULL,144,1,NULL),(24,NULL,'Seminario: La Disciplina Enfermera',0,1,NULL,32,1,NULL),(25,NULL,'Metodología de la Investigación en el Cuidado Enfermero',0,0,NULL,160,1,NULL),(26,NULL,'Bioestadística Aplicada',0,1,NULL,64,1,NULL),(27,NULL,'Formación en Enfermería',0,1,NULL,128,1,NULL),(28,NULL,'Seminario',0,1,NULL,32,1,NULL),(29,NULL,'Administración en Enfermería',0,0,NULL,256,1,NULL),(30,NULL,'Cuidados para la Salud Comunitaria II',0,0,NULL,160,1,NULL),(31,NULL,'Práctica Integradora de Cuidados Enfermeros II',0,1,NULL,96,1,NULL),(32,NULL,'Tesis',0,0,NULL,NULL,1,NULL),(33,NULL,'Seminario de Investigacíon Psicopedagógica',4,1,6,NULL,3,NULL),(34,NULL,'Residencia',4,0,6,NULL,3,NULL),(35,NULL,'Tesis',4,0,NULL,NULL,3,NULL),(36,NULL,'Filosofía',0,1,6,96,3,NULL),(37,NULL,'Sociología',0,1,6,96,3,NULL),(38,NULL,'Psicología',0,1,6,96,3,NULL),(39,NULL,'Pedagogía',0,2,6,96,3,NULL),(40,NULL,'Ciencia y Conocimiento Científico',0,2,6,96,3,NULL),(41,NULL,'Antropología Socio-cultural',0,2,6,96,3,NULL),(42,NULL,'Historia de la Educación Argentina',1,1,6,96,3,NULL),(43,NULL,'Psicoanálisis',1,0,6,192,3,NULL),(44,NULL,'Neurofisiología',1,1,6,96,3,NULL),(45,NULL,'Psicología Genética',1,0,5,160,3,NULL),(46,NULL,'Sociología',0,1,6,96,4,NULL),(47,NULL,'Psicología',0,1,6,96,4,NULL),(48,NULL,'Pedagogía',0,2,6,96,4,NULL),(49,NULL,'Ciencia y Conocimiento Científico',0,2,6,96,4,NULL),(50,NULL,'Antropología Socio Cultural',0,2,6,96,4,NULL),(51,NULL,'Historia de la Educación Argentina',0,1,6,96,4,NULL),(52,NULL,'Psicoanálisis',0,0,6,192,4,NULL),(53,NULL,'Neurofisiología',0,1,6,96,4,NULL),(54,NULL,'Psicología Genética',0,0,5,160,4,NULL),(55,NULL,'Psicología evolutiva',0,2,6,96,4,NULL),(56,NULL,'Didáctica General',0,2,6,96,4,NULL),(57,NULL,'Psicología del Aprendizaje',0,0,6,192,4,NULL),(58,NULL,'Técnicas de Exploración Psicopedagógica',0,0,8,256,4,NULL),(59,NULL,'Análisis Institucional I',0,1,6,96,4,NULL),(60,NULL,'Psicopatología',0,0,5,160,4,NULL),(61,NULL,'Epistemología Disciplinar',0,2,6,96,4,NULL),(62,NULL,'Análisis Institucional II',0,1,6,96,4,NULL),(63,NULL,'Didácticas Especiales',0,1,6,96,4,NULL),(64,NULL,'Clínica Psicopedagógica I',0,0,6,192,4,NULL),(65,NULL,'Metodología de la Investigación',0,1,6,96,4,NULL),(66,NULL,'Pedagogía Especial',0,1,6,96,4,NULL),(67,NULL,'Psicopedagogía Operativa',0,2,5,80,4,NULL),(68,NULL,'Política y Legislación Educacional Argentina',0,2,6,96,4,NULL),(69,NULL,'Orientación Vocacional Ocupacional',0,2,6,96,4,NULL),(70,NULL,'Clínica Psicopedagógica II',0,0,6,192,4,NULL),(71,NULL,'Metodología de las Materias Psicopedagógicas',0,1,6,96,4,NULL),(72,NULL,'Práctica Docente',4,2,6,96,4,NULL),(73,NULL,'Idioma Extranjero',0,0,6,196,4,NULL),(74,NULL,'Filosofía',0,1,6,96,4,NULL),(75,NULL,'Química Agrícola',0,1,5,80,6,NULL),(76,NULL,'Botánica General',0,1,5,80,6,NULL),(77,NULL,'Sociología',0,1,6,96,6,NULL),(78,NULL,'Perspectiva Socio-Antropológica',0,1,3,48,6,NULL),(79,NULL,'Introducción a los Sistemas Agropecuarios',0,0,3,96,6,NULL),(80,NULL,'Seminario TIC',0,2,5,80,6,NULL),(81,NULL,'Química Biológica',0,2,5,80,6,NULL),(82,NULL,'Pedagogía',0,2,6,96,6,NULL),(83,NULL,'Introducción a la Matemática',1,1,3,48,6,NULL),(84,NULL,'Principios de Agroecología',1,1,5,80,6,NULL),(85,NULL,'Filosofía',1,1,6,96,6,NULL),(86,NULL,'Análisis Institucional I',1,1,6,96,6,NULL),(87,NULL,'Matemática I',1,2,6,96,6,NULL),(88,NULL,'Botánica Sistemática',1,2,5,80,6,NULL),(89,NULL,'Introducción a la Zootecnia',1,2,5,80,6,NULL),(90,NULL,'Didáctica General',1,2,6,96,6,NULL),(91,NULL,'Ecofisiología de la Producción',2,1,5,80,6,NULL),(92,NULL,'Educación, Sociedad y Política',2,1,6,96,6,NULL),(93,NULL,'Gestión del Suelo',2,1,5,80,6,NULL),(94,NULL,'Taller I: Sistemas de Producción Agrícola',2,0,3,96,6,NULL),(95,NULL,'Gestión del Agua',2,2,5,80,6,NULL),(96,NULL,'Protección Vegetal',2,2,5,80,6,NULL),(97,NULL,'Psicología I',2,2,6,96,6,NULL),(98,NULL,'Seminario de Animación Rural',3,1,3,48,6,NULL),(99,NULL,'Didáctica Específica',3,1,6,96,6,NULL),(100,NULL,'Psicología II',3,1,6,96,6,NULL),(101,NULL,'Taller II: Sistemas de Propducción Ganadera',3,0,3,96,6,NULL),(102,NULL,'Cultivos Intensivos',3,2,5,80,6,NULL),(103,NULL,'Cultivos Extensivos',3,2,3,48,6,NULL),(104,NULL,'Práctica Docente I',3,2,6,96,6,NULL),(105,NULL,'Producción Animal I',4,1,5,80,6,NULL),(106,NULL,'Gestión de los Recursos Forrajeros',4,1,5,80,6,NULL),(107,NULL,'Práctica Docente II',4,1,6,96,6,NULL),(108,NULL,'Estrategia y Gestión Agropecuaria I',4,2,5,80,6,NULL),(109,NULL,'Producción Animal II',4,2,5,80,6,NULL),(110,NULL,'Residencia',4,2,6,96,6,NULL),(111,NULL,'Sociología',0,1,6,96,8,NULL),(112,NULL,'Derecho Constitucional',0,1,6,96,8,NULL),(113,NULL,'Literatura, Arte y Sociedad Argentina',NULL,1,6,96,12,NULL),(114,NULL,'Prácticas Letradas I',NULL,1,6,96,12,NULL),(115,NULL,'Metodología de la Investigación en Humanidades y Arte',NULL,1,6,96,12,NULL),(116,NULL,'Literatura, Arte y Sociedad Latinoamericana',NULL,2,6,96,12,NULL),(117,NULL,'Prácticas Letradas II',NULL,2,4,64,12,NULL),(118,NULL,'Medios de Comunicación',NULL,2,6,96,12,NULL),(119,NULL,'Antropología Sociocultural',NULL,2,6,96,12,NULL),(120,NULL,'Políticas Culturales',NULL,1,6,96,12,NULL),(121,NULL,'Prácticas Letradas III',NULL,1,4,64,12,NULL),(122,NULL,'Arte y Espacio Público',NULL,1,6,96,12,NULL),(123,NULL,'Arte y Multimedios',NULL,2,6,96,12,NULL),(124,NULL,'Formulación y Evaluación de Proyectos Socioculturales',NULL,2,6,96,12,NULL),(125,NULL,'Práctica Letrada IV',NULL,2,4,64,12,NULL),(126,NULL,'Idioma Extranjero',NULL,2,6,96,12,NULL),(127,NULL,'Instituciones del Derecho Público',0,1,6,96,14,NULL),(128,NULL,'Sociología',0,1,6,96,14,NULL),(129,NULL,'Administración General',0,1,6,96,14,NULL),(130,NULL,'Historia Económica y Social Argentina',0,2,6,96,14,NULL),(131,NULL,'Ciencia y Conocimiento Científico',0,2,6,96,14,NULL),(132,NULL,'Sociología de las organizaciones',0,2,6,96,14,NULL),(133,NULL,'Matemática I',0,2,6,96,14,NULL),(134,NULL,'Teoría Contable',1,1,6,96,14,NULL),(135,NULL,'Matemática II',1,1,6,96,14,NULL),(136,NULL,'Economía I',1,1,6,96,14,NULL),(137,NULL,'Gestión Organizacional',1,1,6,96,14,NULL),(138,NULL,'Tecnologías de la información',1,2,6,96,14,NULL),(139,NULL,'Economía II',1,2,6,96,14,NULL),(140,NULL,'Seminario de Integración',1,2,8,128,14,NULL),(141,NULL,'Idioma extranjero',1,0,6,192,14,NULL),(142,NULL,'Estado y Sociedad',2,1,6,96,14,NULL),(143,NULL,'Estadística para Administradores',2,1,6,96,14,NULL),(144,NULL,'Gestión de Recursos Humanos',2,1,6,96,14,NULL),(145,NULL,'Teoría de la Administración Pública',2,2,6,96,14,NULL),(146,NULL,'Tecnologías de Gestión',2,2,6,96,14,NULL),(147,NULL,'Finanzas Públicas',2,2,6,96,14,NULL),(148,NULL,'Derecho Administrativo',2,1,6,96,14,NULL),(149,NULL,'Políticas Públicas',3,1,6,96,14,NULL),(150,NULL,'Gestión de la Hacienda Pública',3,1,6,96,14,NULL),(151,NULL,'Métodos y Técnicas de la Investigación',3,1,6,96,14,NULL),(152,NULL,'Análisis Organizacional',3,1,6,96,14,NULL),(153,NULL,'Desarrollo Gerencial',3,2,8,128,14,NULL),(154,NULL,'Planficación y Control de Organizaciones Públicas',3,2,6,96,14,NULL),(155,NULL,'Seminario de Integración y Aplicación',3,2,8,128,14,NULL),(156,NULL,'Negociación',3,2,6,96,14,NULL),(157,NULL,'Métodos y Técnicas de Intervención Organizacional',3,2,8,128,14,NULL),(158,NULL,'Estado y Gestión Pública',3,2,6,96,14,NULL),(159,NULL,'Análisis de Políticas Públicas',3,2,8,128,14,NULL),(160,NULL,'Gestión y calidad de la seguridad',3,2,6,96,14,NULL),(161,NULL,'Relaciones humanas y públicas en la gestión de la seguridad',3,2,8,128,14,NULL),(162,NULL,'Introducción a la Computación',0,1,8,128,15,NULL),(163,NULL,'Matemática General',0,1,8,128,15,NULL),(164,NULL,'Inglés Técnico',0,1,4,64,15,NULL),(165,NULL,'Introducción a la Programación',0,2,8,128,15,NULL),(166,NULL,'Introducción a la Administración de Sistemas',0,2,4,64,15,NULL),(167,NULL,'Redes de Datos',0,2,8,128,15,NULL),(168,NULL,'Software Libre',1,1,4,64,15,NULL),(169,NULL,'Taller de Hardware y Software',NULL,1,8,128,15,NULL),(170,NULL,'Administración de Sistemas',NULL,1,8,128,15,NULL),(171,NULL,'Administración de Servicios',NULL,2,8,128,15,NULL),(172,NULL,'Sistemas de Información',NULL,2,8,128,15,NULL),(173,NULL,'Automatización y Scripting',NULL,2,4,64,15,NULL),(174,NULL,'Administración de Sistemas Avanzada',NULL,1,8,128,15,NULL),(175,NULL,'Aplicaciones Libres',NULL,1,8,128,15,NULL),(176,NULL,'Electiva',NULL,1,4,64,15,NULL),(177,NULL,'Matemática General',0,1,8,128,16,NULL),(178,NULL,'Introducción a la Programación',NULL,1,8,128,16,NULL),(179,NULL,'Inglés Técnico',NULL,1,4,64,16,NULL),(180,NULL,'Programación Estática y Laboratorio Web',NULL,2,8,128,16,NULL),(181,NULL,'Introducción a la Programación Orientada a Objetos',NULL,2,8,128,16,NULL),(182,NULL,'Conceptos de Base de Datos',NULL,2,4,64,16,NULL),(183,NULL,'Programación Web Dinámica',0,1,10,160,16,NULL),(184,NULL,'Arquitectura y Seguridad de Computadoras',NULL,1,8,128,16,NULL),(185,NULL,'Diseño Gráfico',NULL,1,4,64,16,NULL),(186,NULL,'Programación Web Avanzada',NULL,2,10,160,16,NULL),(187,NULL,'Análisis, Diseño y Documentación de Sistemas',NULL,2,8,128,16,NULL),(188,NULL,'Framework e Interoperatividad',0,1,10,160,16,NULL),(189,NULL,'Trabajo Final',NULL,1,10,160,16,NULL);
/*!40000 ALTER TABLE `asignatura` ENABLE KEYS */;
UNLOCK TABLES;

--
-- Table structure for table `cargo`
--

DROP TABLE IF EXISTS `cargo`;
/*!40101 SET @saved_cs_client     = @@character_set_client */;
/*!40101 SET character_set_client = utf8 */;
CREATE TABLE `cargo` (
  `id` int(11) NOT NULL AUTO_INCREMENT,
  `nomenclatura` varchar(255) COLLATE utf8_spanish_ci DEFAULT NULL,
  `carga_programa` tinyint(1) DEFAULT NULL,
  PRIMARY KEY (`id`),
  UNIQUE KEY `carga_programa` (`carga_programa`)
) ENGINE=InnoDB AUTO_INCREMENT=7 DEFAULT CHARSET=utf8 COLLATE=utf8_spanish_ci;
/*!40101 SET character_set_client = @saved_cs_client */;

--
-- Dumping data for table `cargo`
--

LOCK TABLES `cargo` WRITE;
/*!40000 ALTER TABLE `cargo` DISABLE KEYS */;
INSERT INTO `cargo` VALUES (1,'Profesor a cargo',1),(2,'Asistente de Docencia Regular',NULL),(3,'Ayudante de primera',NULL),(4,'Ayudante de segunda',NULL),(6,'Director',NULL);
/*!40000 ALTER TABLE `cargo` ENABLE KEYS */;
UNLOCK TABLES;

--
-- Table structure for table `carrera`
--

DROP TABLE IF EXISTS `carrera`;
/*!40101 SET @saved_cs_client     = @@character_set_client */;
/*!40101 SET character_set_client = utf8 */;
CREATE TABLE `carrera` (
  `id` int(11) NOT NULL AUTO_INCREMENT,
  `nom` varchar(255) COLLATE utf8_spanish_ci NOT NULL,
  `codigo` int(11) DEFAULT NULL,
  `departamento_id` int(11) DEFAULT NULL,
  PRIMARY KEY (`id`),
  KEY `departamentocarrera` (`departamento_id`),
  CONSTRAINT `departamentocarrera` FOREIGN KEY (`departamento_id`) REFERENCES `departamento` (`id`) ON DELETE NO ACTION ON UPDATE NO ACTION
) ENGINE=InnoDB AUTO_INCREMENT=15 DEFAULT CHARSET=utf8 COLLATE=utf8_spanish_ci;
/*!40101 SET character_set_client = @saved_cs_client */;

--
-- Dumping data for table `carrera`
--

LOCK TABLES `carrera` WRITE;
/*!40000 ALTER TABLE `carrera` DISABLE KEYS */;
INSERT INTO `carrera` VALUES (1,'Licenciatura en Enfermería',NULL,1),(2,'Licenciatura en Psicopedagogía',NULL,2),(3,'Profesorado en Psicopedagogía',NULL,2),(4,'Licenciatura en Gestión de Empresas Agropecuarias',NULL,3),(5,'Profesorado en Ciencias Agropecuarias',NULL,3),(6,'Tecnicatura Superior en Producción Agropecuaria',NULL,3),(7,'Licenciatura en Ciencias Políticas',NULL,4),(8,'Profesorado Universitario en Ciencias Políticas',NULL,4),(9,'Profesorado de Lengua y Comunicación Oral y Escrita',NULL,5),(10,'Licenciatura en Arte y Sociedad',NULL,5),(11,'Licenciatura en Administración Pública',NULL,6),(12,'Tecnicatura Universitaria en Administración Pública',NULL,6),(13,'Tecnicatura Universitaria en Administración de Sistemas y Software Libre',NULL,7),(14,'Tecnicatura Universitaria en Desarrollo Web',NULL,7);
/*!40000 ALTER TABLE `carrera` ENABLE KEYS */;
UNLOCK TABLES;

--
-- Table structure for table `departamento`
--

DROP TABLE IF EXISTS `departamento`;
/*!40101 SET @saved_cs_client     = @@character_set_client */;
/*!40101 SET character_set_client = utf8 */;
CREATE TABLE `departamento` (
  `id` int(11) NOT NULL AUTO_INCREMENT,
  `nom` varchar(255) COLLATE utf8_spanish_ci NOT NULL,
  `slug` varchar(255) COLLATE utf8_spanish_ci NOT NULL,
  `director` int(11) DEFAULT NULL,
  PRIMARY KEY (`id`),
  KEY `designaciondepartamento` (`director`),
  CONSTRAINT `designaciondepartamento` FOREIGN KEY (`director`) REFERENCES `designacion` (`id`) ON DELETE NO ACTION ON UPDATE NO ACTION
) ENGINE=InnoDB AUTO_INCREMENT=8 DEFAULT CHARSET=utf8 COLLATE=utf8_spanish_ci;
/*!40101 SET character_set_client = @saved_cs_client */;

--
-- Dumping data for table `departamento`
--

LOCK TABLES `departamento` WRITE;
/*!40000 ALTER TABLE `departamento` DISABLE KEYS */;
INSERT INTO `departamento` VALUES (1,'Enfermería','',NULL),(2,'Psicopedagogía','',NULL),(3,'Gestión Agropecuaria','',NULL),(4,'Estudios Políticos','',NULL),(5,'Lengua, Literatura y Comunicación','',NULL),(6,'Administración Pública','',NULL),(7,'Ciencia y Tecnología','',1);
/*!40000 ALTER TABLE `departamento` ENABLE KEYS */;
UNLOCK TABLES;

--
-- Table structure for table `designacion`
--

DROP TABLE IF EXISTS `designacion`;
/*!40101 SET @saved_cs_client     = @@character_set_client */;
/*!40101 SET character_set_client = utf8 */;
CREATE TABLE `designacion` (
  `id` int(11) NOT NULL AUTO_INCREMENT,
  `cargo_id` int(11) DEFAULT NULL,
  `perfil_id` int(11) DEFAULT NULL,
  `programa_id` int(11) DEFAULT NULL,
  `departamento_id` int(11) DEFAULT NULL,
  PRIMARY KEY (`id`),
  KEY `cargodesignacion` (`cargo_id`),
  KEY `userdesignacion` (`perfil_id`),
  KEY `programadesignacion` (`programa_id`),
  KEY `deptodesignacion` (`departamento_id`),
  CONSTRAINT `cargodesignacion` FOREIGN KEY (`cargo_id`) REFERENCES `cargo` (`id`) ON DELETE NO ACTION ON UPDATE NO ACTION,
  CONSTRAINT `deptodesignacion` FOREIGN KEY (`departamento_id`) REFERENCES `departamento` (`id`) ON DELETE NO ACTION ON UPDATE NO ACTION,
  CONSTRAINT `programadesignacion` FOREIGN KEY (`programa_id`) REFERENCES `programa` (`id`) ON DELETE NO ACTION ON UPDATE NO ACTION,
  CONSTRAINT `userdesignacion` FOREIGN KEY (`perfil_id`) REFERENCES `perfil` (`id`) ON DELETE NO ACTION ON UPDATE NO ACTION
) ENGINE=InnoDB AUTO_INCREMENT=2 DEFAULT CHARSET=utf8 COLLATE=utf8_spanish_ci;
/*!40101 SET character_set_client = @saved_cs_client */;

--
-- Dumping data for table `designacion`
--

LOCK TABLES `designacion` WRITE;
/*!40000 ALTER TABLE `designacion` DISABLE KEYS */;
INSERT INTO `designacion` VALUES (1,6,43,NULL,7);
/*!40000 ALTER TABLE `designacion` ENABLE KEYS */;
UNLOCK TABLES;

--
-- Table structure for table `estado`
--

DROP TABLE IF EXISTS `estado`;
/*!40101 SET @saved_cs_client     = @@character_set_client */;
/*!40101 SET character_set_client = utf8 */;
CREATE TABLE `estado` (
  `id` int(11) NOT NULL AUTO_INCREMENT,
  `estado_nombre` varchar(45) COLLATE utf8_unicode_ci NOT NULL,
  `estado_valor` int(11) NOT NULL,
  `created_by` int(11) NOT NULL,
  `updated_by` int(11) NOT NULL,
  PRIMARY KEY (`id`)
) ENGINE=InnoDB AUTO_INCREMENT=3 DEFAULT CHARSET=utf8 COLLATE=utf8_unicode_ci;
/*!40101 SET character_set_client = @saved_cs_client */;

--
-- Dumping data for table `estado`
--

LOCK TABLES `estado` WRITE;
/*!40000 ALTER TABLE `estado` DISABLE KEYS */;
INSERT INTO `estado` VALUES (1,'Activo',10,0,0),(2,'Pendiente',5,0,0);
/*!40000 ALTER TABLE `estado` ENABLE KEYS */;
UNLOCK TABLES;

--
-- Table structure for table `genero`
--

DROP TABLE IF EXISTS `genero`;
/*!40101 SET @saved_cs_client     = @@character_set_client */;
/*!40101 SET character_set_client = utf8 */;
CREATE TABLE `genero` (
  `id` int(11) NOT NULL AUTO_INCREMENT,
  `genero_nombre` varchar(45) COLLATE utf8_unicode_ci NOT NULL,
  PRIMARY KEY (`id`)
) ENGINE=InnoDB AUTO_INCREMENT=3 DEFAULT CHARSET=utf8 COLLATE=utf8_unicode_ci;
/*!40101 SET character_set_client = @saved_cs_client */;

--
-- Dumping data for table `genero`
--

LOCK TABLES `genero` WRITE;
/*!40000 ALTER TABLE `genero` DISABLE KEYS */;
INSERT INTO `genero` VALUES (1,'masculino'),(2,'femenino');
/*!40000 ALTER TABLE `genero` ENABLE KEYS */;
UNLOCK TABLES;

--
-- Table structure for table `migration`
--

DROP TABLE IF EXISTS `migration`;
/*!40101 SET @saved_cs_client     = @@character_set_client */;
/*!40101 SET character_set_client = utf8 */;
CREATE TABLE `migration` (
  `version` varchar(180) COLLATE utf8_unicode_ci NOT NULL,
  `apply_time` int(11) DEFAULT NULL,
  PRIMARY KEY (`version`)
) ENGINE=InnoDB DEFAULT CHARSET=utf8 COLLATE=utf8_unicode_ci;
/*!40101 SET character_set_client = @saved_cs_client */;

--
-- Dumping data for table `migration`
--

LOCK TABLES `migration` WRITE;
/*!40000 ALTER TABLE `migration` DISABLE KEYS */;
INSERT INTO `migration` VALUES ('m000000_000000_base',1551387576),('m130524_201442_init',1551387583),('m180401_141409_status',1551387584),('m180524_201332_cargo',1551387585),('m180524_201443_departamento',1551387587),('m180525_124502_carrera',1551387588),('m180906_125929_plan',1551387590),('m180906_125930_asignatura',1551387593),('m180907_113937_programa',1551387597),('m180907_113947_unidad',1551387599),('m180907_114122_objetivo',1551387601),('m180907_115642_tema',1551387602),('m180908_125934_designacion',1551387608),('m181112_195754_observacion',1551387610),('m190220_035256_usuarios',1551387836),('m190225_205340_datos',1551387848);
/*!40000 ALTER TABLE `migration` ENABLE KEYS */;
UNLOCK TABLES;

--
-- Table structure for table `objetivo`
--

DROP TABLE IF EXISTS `objetivo`;
/*!40101 SET @saved_cs_client     = @@character_set_client */;
/*!40101 SET character_set_client = utf8 */;
CREATE TABLE `objetivo` (
  `id` int(11) NOT NULL AUTO_INCREMENT,
  `descripcion` varchar(255) COLLATE utf8_spanish_ci NOT NULL,
  `programa_id` int(11) DEFAULT NULL,
  PRIMARY KEY (`id`),
  KEY `programaobjetivo` (`programa_id`),
  CONSTRAINT `programaobjetivo` FOREIGN KEY (`programa_id`) REFERENCES `programa` (`id`) ON DELETE NO ACTION ON UPDATE NO ACTION
) ENGINE=InnoDB DEFAULT CHARSET=utf8 COLLATE=utf8_spanish_ci;
/*!40101 SET character_set_client = @saved_cs_client */;

--
-- Dumping data for table `objetivo`
--

LOCK TABLES `objetivo` WRITE;
/*!40000 ALTER TABLE `objetivo` DISABLE KEYS */;
/*!40000 ALTER TABLE `objetivo` ENABLE KEYS */;
UNLOCK TABLES;

--
-- Table structure for table `observacion`
--

DROP TABLE IF EXISTS `observacion`;
/*!40101 SET @saved_cs_client     = @@character_set_client */;
/*!40101 SET character_set_client = utf8 */;
CREATE TABLE `observacion` (
  `id` int(11) NOT NULL AUTO_INCREMENT,
  `texto` text COLLATE utf8_spanish_ci NOT NULL,
  `programa_id` int(11) DEFAULT NULL,
  `created_at` datetime DEFAULT NULL,
  `updated_at` datetime DEFAULT NULL,
  `created_by` int(11) DEFAULT NULL,
  `updated_by` int(11) DEFAULT NULL,
  PRIMARY KEY (`id`),
  KEY `programaobservacion` (`programa_id`),
  CONSTRAINT `programaobservacion` FOREIGN KEY (`programa_id`) REFERENCES `programa` (`id`) ON DELETE NO ACTION ON UPDATE NO ACTION
) ENGINE=InnoDB AUTO_INCREMENT=5 DEFAULT CHARSET=utf8 COLLATE=utf8_spanish_ci;
/*!40101 SET character_set_client = @saved_cs_client */;

--
-- Dumping data for table `observacion`
--

LOCK TABLES `observacion` WRITE;
/*!40000 ALTER TABLE `observacion` DISABLE KEYS */;
INSERT INTO `observacion` VALUES (1,'<p>zzzzz</p>',3,'2019-03-01 11:43:40','2019-03-01 11:43:40',43,43),(2,'<p>falta la bibliografia</p>',4,'2019-03-01 11:47:26','2019-03-01 11:47:26',43,43),(3,'<p>todo ok</p>',2,'2019-03-01 14:23:12','2019-03-01 14:23:12',43,43),(4,'<p>falta algo en xx</p>',8,'2019-03-01 20:22:19','2019-03-01 20:22:19',43,43);
/*!40000 ALTER TABLE `observacion` ENABLE KEYS */;
UNLOCK TABLES;

--
-- Table structure for table `perfil`
--

DROP TABLE IF EXISTS `perfil`;
/*!40101 SET @saved_cs_client     = @@character_set_client */;
/*!40101 SET character_set_client = utf8 */;
CREATE TABLE `perfil` (
  `id` int(11) NOT NULL AUTO_INCREMENT,
  `user_id` int(11) DEFAULT NULL,
  `nombre` text COLLATE utf8_unicode_ci,
  `apellido` text COLLATE utf8_unicode_ci,
  `fecha_nacimiento` date DEFAULT NULL,
  `genero_id` int(11) DEFAULT NULL,
  `imagen` varchar(80) COLLATE utf8_unicode_ci NOT NULL,
  `created_at` datetime DEFAULT NULL,
  `updated_at` datetime DEFAULT NULL,
  `created_by` int(11) NOT NULL,
  `updated_by` int(11) NOT NULL,
  PRIMARY KEY (`id`),
  KEY `fk_perfil_genero_id` (`genero_id`),
  CONSTRAINT `fk_perfil_genero_id` FOREIGN KEY (`genero_id`) REFERENCES `genero` (`id`) ON UPDATE CASCADE
) ENGINE=InnoDB AUTO_INCREMENT=251 DEFAULT CHARSET=utf8 COLLATE=utf8_unicode_ci;
/*!40101 SET character_set_client = @saved_cs_client */;

--
-- Dumping data for table `perfil`
--

LOCK TABLES `perfil` WRITE;
/*!40000 ALTER TABLE `perfil` DISABLE KEYS */;
INSERT INTO `perfil` VALUES (1,1,'MARIO FRANCISCO','ALIANI',NULL,NULL,'',NULL,NULL,0,0),(2,2,'GUSTAVO RAFAEL','ALONSO',NULL,NULL,'',NULL,NULL,0,0),(3,3,'OLGA PATRICIA','ALONSO',NULL,NULL,'',NULL,NULL,0,0),(4,4,'LILIANA MABEL','ALVAREZ',NULL,NULL,'',NULL,NULL,0,0),(5,5,'SERGIO ANDRES','AMOROSO',NULL,NULL,'',NULL,NULL,0,0),(6,6,'DORA ARMONIA','BONARDO',NULL,NULL,'',NULL,NULL,0,0),(7,7,'MARÍA LAURA','CABEZAS',NULL,NULL,'',NULL,NULL,0,0),(8,8,'ROBERTO ANDRES','CUERVO',NULL,NULL,'',NULL,NULL,0,0),(9,9,'JORGE SEBASTIAN','DEMICH',NULL,NULL,'',NULL,NULL,0,0),(10,10,'MONICA SUSANA','ESPECHE',NULL,NULL,'',NULL,NULL,0,0),(11,11,'MARIA GABRIELA','FARRONI',NULL,NULL,'',NULL,NULL,0,0),(12,12,'NÉLSON FABÍAN','FERNANDEZ',NULL,NULL,'',NULL,NULL,0,0),(13,13,'MIRTA EDITH','FERRERO',NULL,NULL,'',NULL,NULL,0,0),(14,14,'ESTEFANÍA','FRANCIONI',NULL,NULL,'',NULL,NULL,0,0),(15,15,'MARTHA GLORIA','GHIANNI',NULL,NULL,'',NULL,NULL,0,0),(16,16,'MARIA CONSTANZA','GINESTET',NULL,NULL,'',NULL,NULL,0,0),(17,17,'JOSE ANTONIO','GOMIZ GOMIZ',NULL,NULL,'',NULL,NULL,0,0),(18,18,'ROMINA SOLEDAD','HERNANDEZ',NULL,NULL,'',NULL,NULL,0,0),(19,19,'NILDA BEATRIZ','HERRERA',NULL,NULL,'',NULL,NULL,0,0),(20,20,'SOLEDAD INES','HERRERA',NULL,NULL,'',NULL,NULL,0,0),(21,21,'SUSANA PATRICIA','LOPEZ',NULL,NULL,'',NULL,NULL,0,0),(22,22,'MARÍA LAURA','MARTIRENA',NULL,NULL,'',NULL,NULL,0,0),(23,23,'DEBORAT JAQUELIN','MAUREIRA',NULL,NULL,'',NULL,NULL,0,0),(24,24,'DANIEL JORGE','MIÑON',NULL,NULL,'',NULL,NULL,0,0),(25,25,'DANIELA LUISA','MIRANDA',NULL,NULL,'',NULL,NULL,0,0),(26,26,'LUIS ANTONIO','ÑANCULEO',NULL,NULL,'',NULL,NULL,0,0),(27,27,'MARIA EMILIA','OCAMPO',NULL,NULL,'',NULL,NULL,0,0),(28,28,'CARINA PAOLA','OPAZO',NULL,NULL,'',NULL,NULL,0,0),(29,29,'IVANA MAGALÍ','PAGGI',NULL,NULL,'',NULL,NULL,0,0),(30,30,'LIDIA ZULEMA','PEÑA',NULL,NULL,'',NULL,NULL,0,0),(31,31,'RODRIGO','PEREZ',NULL,NULL,'',NULL,NULL,0,0),(32,32,'GRACIELA MARIA','PERREN',NULL,NULL,'',NULL,NULL,0,0),(33,33,'ELIDA MARIA','PICA',NULL,NULL,'',NULL,NULL,0,0),(34,34,'LUIS EMILIO','PRAVATO',NULL,NULL,'',NULL,NULL,0,0),(35,35,'CLELIA ARACELI','RODRIGUEZ TAYLOR',NULL,NULL,'',NULL,NULL,0,0),(36,36,'PABLO RICARDO','TAGLIANI',NULL,NULL,'',NULL,NULL,0,0),(37,37,'HUGO VICTOR','VILLCA',NULL,NULL,'',NULL,NULL,0,0),(38,38,'ADRIANA CECILIA','ZARATIEGUI',NULL,NULL,'',NULL,NULL,0,0),(39,39,'JUAN PEDRO','AZCONA',NULL,NULL,'',NULL,NULL,0,0),(40,40,'LEANDRO MARTÍN','BOISSELIER',NULL,NULL,'',NULL,NULL,0,0),(41,41,'JUAN CARLOS','BROCCA',NULL,NULL,'',NULL,NULL,0,0),(42,42,'ANA ROSA','CALVO',NULL,NULL,'',NULL,NULL,0,0),(43,43,'CECILIA EDITH','CAMERA',NULL,NULL,'',NULL,NULL,0,0),(44,44,'JULIO GABRIEL','COLOMBO',NULL,NULL,'',NULL,NULL,0,0),(45,45,'MARIA LUJAN','COLUEQUE',NULL,NULL,'',NULL,NULL,0,0),(46,46,'TATIANA INES','GIBELLI',NULL,NULL,'',NULL,NULL,0,0),(47,47,'EVANGELINA JULIA','LUI',NULL,NULL,'',NULL,NULL,0,0),(48,48,'NESTOR JULIAN','MURPHY',NULL,NULL,'',NULL,NULL,0,0),(49,49,'NADIA ','RIQUELME',NULL,NULL,'',NULL,NULL,0,0),(50,50,'NICOLAS GUSTAVO','ROSBACO',NULL,NULL,'',NULL,NULL,0,0),(51,51,'PEDRO BENJAMIN','SALOMON',NULL,NULL,'',NULL,NULL,0,0),(52,52,'VALERIA','D\'ANGELO',NULL,NULL,'',NULL,NULL,0,0),(53,53,'JUAN JOSE','GUIDI',NULL,NULL,'',NULL,NULL,0,0),(54,54,'MARÍA SILVIA DE LOS A.','ALASIO',NULL,NULL,'',NULL,NULL,0,0),(55,55,'ROCÍO BELÉN','ANDRADE',NULL,NULL,'',NULL,NULL,0,0),(56,56,'MARIA JOSE','BAHAMONDE',NULL,NULL,'',NULL,NULL,0,0),(57,57,'CIRILO OSCAR','BUSTAMANTE',NULL,NULL,'',NULL,NULL,0,0),(58,58,'LUCÍA MARINA','CANTAMUTTO',NULL,NULL,'',NULL,NULL,0,0),(59,59,'ALEJANDRA CARLOTA','CIANIS',NULL,NULL,'',NULL,NULL,0,0),(60,60,'ABEL BISMARCK','COMBRET',NULL,NULL,'',NULL,NULL,0,0),(61,61,'PAOLA ANDREA','GALBARINI',NULL,NULL,'',NULL,NULL,0,0),(62,62,'JOSEFINA MAHUÉN','GALLO',NULL,NULL,'',NULL,NULL,0,0),(63,63,'FERNANDO DAVID','LIMA',NULL,NULL,'',NULL,NULL,0,0),(64,64,'MILKA CAROLINA','MINGARDI MINETTI',NULL,NULL,'',NULL,NULL,0,0),(65,65,'NATALIA ELOISA','PUERTAS',NULL,NULL,'',NULL,NULL,0,0),(66,66,'MARÍA FERNANDA','SANCHEZ',NULL,NULL,'',NULL,NULL,0,0),(67,67,'AURELIA AMALIA','SOSA',NULL,NULL,'',NULL,NULL,0,0),(68,68,'CELINDA LAURA','TIRABASSI',NULL,NULL,'',NULL,NULL,0,0),(69,69,'ROMINA ALEJANDRA','VAN DEN HEUVEL',NULL,NULL,'',NULL,NULL,0,0),(70,70,'DANIELA','VEGA RIVERA',NULL,NULL,'',NULL,NULL,0,0),(71,71,'MONICA MARIEL','ADAME',NULL,NULL,'',NULL,NULL,0,0),(72,72,'LUIS ROBERTO','ALBRECHT',NULL,NULL,'',NULL,NULL,0,0),(73,73,'CARMEN DEL VALLE','AMICO',NULL,NULL,'',NULL,NULL,0,0),(74,74,'NATALIA VERÓNICA','APARICIO',NULL,NULL,'',NULL,NULL,0,0),(75,75,'MARCELA ADRIANA','BARKOVICH',NULL,NULL,'',NULL,NULL,0,0),(76,76,'ALMA BEATRIZ','BELL',NULL,NULL,'',NULL,NULL,0,0),(77,77,'GABRIELA ALEJANDRA','BUCHHAMER',NULL,NULL,'',NULL,NULL,0,0),(78,78,'LORENA GRICELDA','CALVO',NULL,NULL,'',NULL,NULL,0,0),(79,79,'MARÍA OLGA','CAÑIUQUEO',NULL,NULL,'',NULL,NULL,0,0),(80,80,'SILVIA LILIANA','CAÑON',NULL,NULL,'',NULL,NULL,0,0),(81,81,'NORMA AMANDA','CASCELLI',NULL,NULL,'',NULL,NULL,0,0),(82,82,'GONZALO','CASTRO LAMAS',NULL,NULL,'',NULL,NULL,0,0),(83,83,'MAURO GUSTAVO','CAYUMIL',NULL,NULL,'',NULL,NULL,0,0),(84,84,'ANA LAURA','COLICHEO',NULL,NULL,'',NULL,NULL,0,0),(85,85,'CARLOS EDUARDO','COMOLAY',NULL,NULL,'',NULL,NULL,0,0),(86,86,'BÁRBARA EDITH','DONOSO',NULL,NULL,'',NULL,NULL,0,0),(87,87,'MIRTHA LILIANA','FONSECA',NULL,NULL,'',NULL,NULL,0,0),(88,88,'LIHUEN AILIÑ','GALLO',NULL,NULL,'',NULL,NULL,0,0),(89,89,'MARIA LAURA','GIRIBONI',NULL,NULL,'',NULL,NULL,0,0),(90,90,'FANNY ARGENTINA','GONZALEZ',NULL,NULL,'',NULL,NULL,0,0),(91,91,'FANNY ADRIANA','GUALPA',NULL,NULL,'',NULL,NULL,0,0),(92,92,'SANDRA VALESKA','GUZMAN CONEJEROS',NULL,NULL,'',NULL,NULL,0,0),(93,93,'ELADIA BEATRIZ','HECHENLEITNER',NULL,NULL,'',NULL,NULL,0,0),(94,94,'SILVIA ESTER','HECKEL OCHOTECO',NULL,NULL,'',NULL,NULL,0,0),(95,95,'RICARDO','IBAÑEZ',NULL,NULL,'',NULL,NULL,0,0),(96,96,'SILVINA  ERIKA','IRIBARNE',NULL,NULL,'',NULL,NULL,0,0),(97,97,'MARISEL LUJÁN','MARIGUAL',NULL,NULL,'',NULL,NULL,0,0),(98,98,'EUGENIA','MEIER',NULL,NULL,'',NULL,NULL,0,0),(99,99,'HUGO RAMON','MONTIEL',NULL,NULL,'',NULL,NULL,0,0),(100,100,'MIRTA LILIANA','NAVARRO',NULL,NULL,'',NULL,NULL,0,0),(101,101,'CARLOS GABRIEL','ORTEGA',NULL,NULL,'',NULL,NULL,0,0),(102,102,'NANCY RAQUEL','OSSES',NULL,NULL,'',NULL,NULL,0,0),(103,103,'JOSE NAZARIO','PACAYUT',NULL,NULL,'',NULL,NULL,0,0),(104,104,'JULIETA ROMINA','PALACIOS',NULL,NULL,'',NULL,NULL,0,0),(105,105,'VIRGINIA LORENA','PALFERRO',NULL,NULL,'',NULL,NULL,0,0),(106,106,'RICARDO LORENZO','PEÑA',NULL,NULL,'',NULL,NULL,0,0),(107,107,'CRISTINA ISABEL','PEREYRA',NULL,NULL,'',NULL,NULL,0,0),(108,108,'RUBÉN ALDO','PEREYRA',NULL,NULL,'',NULL,NULL,0,0),(109,109,'BELINDA MERCEDES','PEREZ',NULL,NULL,'',NULL,NULL,0,0),(110,110,'BEATRIZ SILVANA','PINTOS DA COSTA',NULL,NULL,'',NULL,NULL,0,0),(111,111,'BIBIANA RAQUEL','ROUSIOT',NULL,NULL,'',NULL,NULL,0,0),(112,112,'MONICA EMMA','SOLANO',NULL,NULL,'',NULL,NULL,0,0),(113,113,'GABRIELA BEATRIZ','STIGLAUER',NULL,NULL,'',NULL,NULL,0,0),(114,114,'MARIO ALBERTO','STUBBE',NULL,NULL,'',NULL,NULL,0,0),(115,115,'MONICA SUSANA','SUAREZ',NULL,NULL,'',NULL,NULL,0,0),(116,116,'GRACIELA MIRIAM','VALDEBENITO',NULL,NULL,'',NULL,NULL,0,0),(117,117,'GLADYS ELBA','ZUÑIGA',NULL,NULL,'',NULL,NULL,0,0),(118,118,'OSVALDO AGUSTIN','ALONSO',NULL,NULL,'',NULL,NULL,0,0),(119,119,'DANIEL ARNALDO','AYALA',NULL,NULL,'',NULL,NULL,0,0),(120,120,'PEDRO ALBERTO','DALL\' ARMELLINA',NULL,NULL,'',NULL,NULL,0,0),(121,121,'JULIA','DEL CARMEN',NULL,NULL,'',NULL,NULL,0,0),(122,122,'MARÍA VANDA','IANOWSKI',NULL,NULL,'',NULL,NULL,0,0),(123,123,'MIRIAN RUTH','MALDONADO',NULL,NULL,'',NULL,NULL,0,0),(124,124,'MARÍA CELINA','MARTINEZ',NULL,NULL,'',NULL,NULL,0,0),(125,125,'NICOLAS BERNARDO','MAZZELLA',NULL,NULL,'',NULL,NULL,0,0),(126,126,'ELIANA DELIA C.','MEDVEDEV LUNA',NULL,NULL,'',NULL,NULL,0,0),(127,127,'CLAUDIO ALBERTO','MENNECOZZI',NULL,NULL,'',NULL,NULL,0,0),(128,128,'GRACIELA NOEMÍ','OTIÑANO HEREDIA',NULL,NULL,'',NULL,NULL,0,0),(129,129,'HERNAN MANUEL','POSE',NULL,NULL,'',NULL,NULL,0,0),(130,130,'LUCIANO','RAGGIO',NULL,NULL,'',NULL,NULL,0,0),(131,131,'MAGDA DE LOS RÍOS','REYES',NULL,NULL,'',NULL,NULL,0,0),(132,132,'EMILIANO','SACCHI',NULL,NULL,'',NULL,NULL,0,0),(133,133,'ARIEL ENRIQUE','SARRICOUET',NULL,NULL,'',NULL,NULL,0,0),(134,134,'MARÍA JULIA','SPIGARIOL',NULL,NULL,'',NULL,NULL,0,0),(135,135,'MARIA CLAUDIA','SUS',NULL,NULL,'',NULL,NULL,0,0),(136,136,'ROBERTO CARLOS','TARIFEÑO MOLINA',NULL,NULL,'',NULL,NULL,0,0),(137,137,'MARIA TERESA','VARELA',NULL,NULL,'',NULL,NULL,0,0),(138,138,'CARLOS','VILTE CASTRO',NULL,NULL,'',NULL,NULL,0,0),(139,139,'DANIEL EDUARDO','WELSCHINGER',NULL,NULL,'',NULL,NULL,0,0),(140,140,'ALEJANDRA SISSI','AWE LUCA',NULL,NULL,'',NULL,NULL,0,0),(141,141,'ROMINA','CARIAGA',NULL,NULL,'',NULL,NULL,0,0),(142,142,'MIRTA SOLEDAD','HERNANDEZ',NULL,NULL,'',NULL,NULL,0,0),(143,143,'MARIELA IVANA','RODRIGUEZ',NULL,NULL,'',NULL,NULL,0,0),(144,144,'MARTHA CAROLINA','WHITE',NULL,NULL,'',NULL,NULL,0,0),(145,145,'JAVIER','GIROTTI',NULL,NULL,'',NULL,NULL,0,0),(146,146,'ANALÍA','PERLOTTI',NULL,NULL,'',NULL,NULL,0,0),(147,147,'JUAN MANUEL','LAFOSSE',NULL,NULL,'',NULL,NULL,0,0),(148,148,'MARTINA','PIERANTONI',NULL,NULL,'',NULL,NULL,0,0),(149,149,'OLGA BEATRIZ','ALAN',NULL,NULL,'',NULL,NULL,0,0),(150,150,'NATALIA VERÓNICA','MORENO',NULL,NULL,'',NULL,NULL,0,0),(151,151,'GISELA MARIBEL','PONCE',NULL,NULL,'',NULL,NULL,0,0),(152,152,'DELCIA BEATRIZ MYRIA','ROS',NULL,NULL,'',NULL,NULL,0,0),(153,153,'MARIZA ALEJANDRA','ABRAMETO',NULL,NULL,'',NULL,NULL,0,0),(154,154,'JORGE SILVIO OMAR','ANTUNEZ',NULL,NULL,'',NULL,NULL,0,0),(155,155,'GABRIELA MARISA','ASCHKAR',NULL,NULL,'',NULL,NULL,0,0),(156,156,'LUCRECIA MARIA','AVILES',NULL,NULL,'',NULL,NULL,0,0),(157,157,'RAUL ANTONIO VICENTE','BARBAROSSA',NULL,NULL,'',NULL,NULL,0,0),(158,158,'CAROLINA MARÍA','BORRAZAS',NULL,NULL,'',NULL,NULL,0,0),(159,159,'RODOLFO ABEL','BOUHIER',NULL,NULL,'',NULL,NULL,0,0),(160,160,'GERMÁN ENRIQUE','CARIAC',NULL,NULL,'',NULL,NULL,0,0),(161,161,'GABRIEL ALBERTO','CARUSSO',NULL,NULL,'',NULL,NULL,0,0),(162,162,'AMELIA AMANDA','CHOROLQUE',NULL,NULL,'',NULL,NULL,0,0),(163,163,'NORMA MERCEDES','CIFONE',NULL,NULL,'',NULL,NULL,0,0),(164,164,'MARÍA TERESA','DOÑATE',NULL,NULL,'',NULL,NULL,0,0),(165,165,'WALTER ARIEL','ESQUERCIA',NULL,NULL,'',NULL,NULL,0,0),(166,166,'OMAR ARIEL','GAJARDO BARRIGA',NULL,NULL,'',NULL,NULL,0,0),(167,167,'JUAN JOSE','GALLEGO',NULL,NULL,'',NULL,NULL,0,0),(168,168,'MARIA INES','GIL',NULL,NULL,'',NULL,NULL,0,0),(169,169,'LUIS GUILLERMO','JOCANO',NULL,NULL,'',NULL,NULL,0,0),(170,170,'ALICIA INÉS','KROPFL',NULL,NULL,'',NULL,NULL,0,0),(171,171,'MARTÍN ALEJANDRO','LUNA',NULL,NULL,'',NULL,NULL,0,0),(172,172,'ANGEL FRANCO','MAMANI',NULL,NULL,'',NULL,NULL,0,0),(173,173,'CARLOS ALBERTO','MERG',NULL,NULL,'',NULL,NULL,0,0),(174,174,'JORGELINA ETEL','MONTEFIORE',NULL,NULL,'',NULL,NULL,0,0),(175,175,'IRMA GRACIELA','PELLEJERO',NULL,NULL,'',NULL,NULL,0,0),(176,176,'RAUL CEFERINO','ROA',NULL,NULL,'',NULL,NULL,0,0),(177,177,'ROXANA ELENA','RODRIGUEZ',NULL,NULL,'',NULL,NULL,0,0),(178,178,'MIGUEL ANGEL','SILVA',NULL,NULL,'',NULL,NULL,0,0),(179,179,'AXEL CHRISTIAN','TELLERIA MARLOTH',NULL,NULL,'',NULL,NULL,0,0),(180,180,'NATALIA MATILDE','VILLASUSO',NULL,NULL,'',NULL,NULL,0,0),(181,181,'HECTOR MARIO','VILLEGAS',NULL,NULL,'',NULL,NULL,0,0),(182,182,'MARÍA FANY','ZUBILLAGA',NULL,NULL,'',NULL,NULL,0,0),(183,183,'ARIEL DARIO','BARBIERI',NULL,NULL,'',NULL,NULL,0,0),(184,184,'MARIA CRISTINA','CABRAL',NULL,NULL,'',NULL,NULL,0,0),(185,185,'MATÍAS RUBEN','CANOVA',NULL,NULL,'',NULL,NULL,0,0),(186,186,'SILVIO','CASTRO ',NULL,NULL,'',NULL,NULL,0,0),(187,187,'GABRIELA PATRICIA','COMEZAÑA',NULL,NULL,'',NULL,NULL,0,0),(188,188,'ALBA BEATRIZ','ETEROVICH',NULL,NULL,'',NULL,NULL,0,0),(189,189,'SILVINA CELESTE','FAZIO',NULL,NULL,'',NULL,NULL,0,0),(190,190,'ADRIANA LÍA','GOICOCHEA',NULL,NULL,'',NULL,NULL,0,0),(191,191,'JUAN BAUTISTA','GUSMEROLI',NULL,NULL,'',NULL,NULL,0,0),(192,192,'RODRIGO ENRIQUE','GUZMAN CONEJEROS',NULL,NULL,'',NULL,NULL,0,0),(193,193,'MONICA SUSANA','LARRAÑAGA',NULL,NULL,'',NULL,NULL,0,0),(194,194,'GERMAN ABEL','LEDESMA',NULL,NULL,'',NULL,NULL,0,0),(195,195,'PABLO ESTEBAN','PÉREZ CHITERI',NULL,NULL,'',NULL,NULL,0,0),(196,196,'SANDRA ELIZABETH','POLISZUK',NULL,NULL,'',NULL,NULL,0,0),(197,197,'JUANA NIEVES','PORRO',NULL,NULL,'',NULL,NULL,0,0),(198,198,'MONICA VIVIANA','RICCA',NULL,NULL,'',NULL,NULL,0,0),(199,199,'MARIA GABRIELA','RODRIGUEZ',NULL,NULL,'',NULL,NULL,0,0),(200,200,'MARIA TERESA','SANCHEZ',NULL,NULL,'',NULL,NULL,0,0),(201,201,'VIVIANA CORINA','SVENSSON',NULL,NULL,'',NULL,NULL,0,0),(202,202,'MARÍA EUGENIA','ALONSO',NULL,NULL,'',NULL,NULL,0,0),(203,203,'MARIANO SEBASTIAN ','BOISSELIER',NULL,NULL,'',NULL,NULL,0,0),(204,204,'ENRIQUE ANIBAL','CORUJO',NULL,NULL,'',NULL,NULL,0,0),(205,205,'RAMIRO','GARCIA POGGI',NULL,NULL,'',NULL,NULL,0,0),(206,206,'NORMA ESTELA CAROLINA','JUAREZ',NULL,NULL,'',NULL,NULL,0,0),(207,207,'OSCAR FEDERICO','KÖNIG',NULL,NULL,'',NULL,NULL,0,0),(208,208,'PAULA GABRIELA','SUAREZ',NULL,NULL,'',NULL,NULL,0,0),(209,209,'ADRIANA NATALIA','ABEL',NULL,NULL,'',NULL,NULL,0,0),(210,210,'MONICA GRACIELA','AMADO',NULL,NULL,'',NULL,NULL,0,0),(211,211,'MARIA INES','BARILÁ',NULL,NULL,'',NULL,NULL,0,0),(212,212,'TERESA MARGARITA','BEDZENT',NULL,NULL,'',NULL,NULL,0,0),(213,213,'SANDRA MÓNICA','BERTOLDI',NULL,NULL,'',NULL,NULL,0,0),(214,214,'VIVIANA NOEMÍ','BOLLETTA',NULL,NULL,'',NULL,NULL,0,0),(215,215,'MARÍA MARTA','CACCAMO',NULL,NULL,'',NULL,NULL,0,0),(216,216,'VANESSA LILIAN','CAMBARIERI',NULL,NULL,'',NULL,NULL,0,0),(217,217,'SILVANA BELÉN','CAMINO',NULL,NULL,'',NULL,NULL,0,0),(218,218,'LIZ MARIET','CAMPETTI',NULL,NULL,'',NULL,NULL,0,0),(219,219,'LIDIA MONICA','CARDINALE',NULL,NULL,'',NULL,NULL,0,0),(220,220,'MARIA SOLEDAD','CARRO',NULL,NULL,'',NULL,NULL,0,0),(221,221,'ANALISA NOEMI','CASTILLO',NULL,NULL,'',NULL,NULL,0,0),(222,222,'JESSICA DANIELA','CONTRERA',NULL,NULL,'',NULL,NULL,0,0),(223,223,'VERONICA NOEMI','CUEVAS',NULL,NULL,'',NULL,NULL,0,0),(224,224,'MARIELA ALEJANDRA','CUTRONA',NULL,NULL,'',NULL,NULL,0,0),(225,225,'LELIA EDITH','DIEU',NULL,NULL,'',NULL,NULL,0,0),(226,226,'LILIANA NOEMÍ','ENRICO',NULL,NULL,'',NULL,NULL,0,0),(227,227,'EDUARDO DANIEL','FIGUEROA',NULL,NULL,'',NULL,NULL,0,0),(228,228,'PANDORA EUGENIA','GANDINI GIANA',NULL,NULL,'',NULL,NULL,0,0),(229,229,'PATRICIA INES','GARCIA',NULL,NULL,'',NULL,NULL,0,0),(230,230,'ERICA PAOLA','GONZALEZ',NULL,NULL,'',NULL,NULL,0,0),(231,231,'MAGDALENA','GONZALEZ',NULL,NULL,'',NULL,NULL,0,0),(232,232,'GUADALUPE MAGALÍ','IBAÑEZ',NULL,NULL,'',NULL,NULL,0,0),(233,233,'ANA VANESA','IGLESIAS',NULL,NULL,'',NULL,NULL,0,0),(234,234,'MORELA','IRAZUSTA',NULL,NULL,'',NULL,NULL,0,0),(235,235,'MARINA','LA VECCHIA',NULL,NULL,'',NULL,NULL,0,0),(236,236,'ANALÍA MABEL','LUNA',NULL,NULL,'',NULL,NULL,0,0),(237,237,'EDGARDO JAVIER','MALASPINA',NULL,NULL,'',NULL,NULL,0,0),(238,238,'BEATRIZ OFELIA','MENENDEZ LOPEZ',NULL,NULL,'',NULL,NULL,0,0),(239,239,'DENIS GABRIEL','PAVELKA',NULL,NULL,'',NULL,NULL,0,0),(240,240,'MARIA FLORENCIA','RIVERA CATELLANI',NULL,NULL,'',NULL,NULL,0,0),(241,241,'NADIA VANESSA','RUIZ',NULL,NULL,'',NULL,NULL,0,0),(242,242,'MARIA DANIELA','SANCHEZ',NULL,NULL,'',NULL,NULL,0,0),(243,243,'RENATA ZULMA','SCALESA',NULL,NULL,'',NULL,NULL,0,0),(244,244,'AGUSTINA DANIELA','SCHAUBLE',NULL,NULL,'',NULL,NULL,0,0),(245,245,'NORA LILIANA','TARRUELLA',NULL,NULL,'',NULL,NULL,0,0),(246,246,'SOLEDAD','VERCELLINO',NULL,NULL,'',NULL,NULL,0,0),(247,247,'PATRICIA VERÓNICA','WEIGANDT',NULL,NULL,'',NULL,NULL,0,0),(248,248,'PABLO','BOHOSLAVSKY',NULL,NULL,'',NULL,NULL,0,0),(249,249,'Admin','Sys',NULL,NULL,'',NULL,NULL,0,0),(250,250,'Nombredeadministracion','ApellidoAcademica',NULL,NULL,'','2019-03-01 20:08:18','2019-03-01 20:08:58',0,0);
/*!40000 ALTER TABLE `perfil` ENABLE KEYS */;
UNLOCK TABLES;

--
-- Table structure for table `plan`
--

DROP TABLE IF EXISTS `plan`;
/*!40101 SET @saved_cs_client     = @@character_set_client */;
/*!40101 SET character_set_client = utf8 */;
CREATE TABLE `plan` (
  `id` int(11) NOT NULL AUTO_INCREMENT,
  `planordenanza` varchar(255) COLLATE utf8_spanish_ci NOT NULL,
  `carrera_id` int(11) DEFAULT NULL,
  PRIMARY KEY (`id`),
  KEY `carreraplan` (`carrera_id`),
  CONSTRAINT `carreraplan` FOREIGN KEY (`carrera_id`) REFERENCES `carrera` (`id`) ON DELETE NO ACTION ON UPDATE NO ACTION
) ENGINE=InnoDB AUTO_INCREMENT=17 DEFAULT CHARSET=utf8 COLLATE=utf8_spanish_ci;
/*!40101 SET character_set_client = @saved_cs_client */;

--
-- Dumping data for table `plan`
--

LOCK TABLES `plan` WRITE;
/*!40000 ALTER TABLE `plan` DISABLE KEYS */;
INSERT INTO `plan` VALUES (1,'1031/12',1),(2,'0238/99',1),(3,'0432/09',2),(4,'0431/09',3),(5,'0374/11',4),(6,'0995/12',5),(7,'0374/11',6),(8,'0605/11',7),(9,'0450/16',8),(10,'0962/98',9),(11,'0859/01',9),(12,'0674/16',10),(13,'1215/13',11),(14,'0814/01',11),(15,'0895/12',13),(16,'0885/12',14);
/*!40000 ALTER TABLE `plan` ENABLE KEYS */;
UNLOCK TABLES;

--
-- Table structure for table `programa`
--

DROP TABLE IF EXISTS `programa`;
/*!40101 SET @saved_cs_client     = @@character_set_client */;
/*!40101 SET character_set_client = utf8 */;
CREATE TABLE `programa` (
  `id` int(11) NOT NULL AUTO_INCREMENT,
  `departamento_id` int(11) DEFAULT NULL,
  `status_id` int(11) DEFAULT NULL,
  `asignatura_id` int(11) DEFAULT NULL,
  `year` int(4) DEFAULT NULL,
  `equipo_catedra` text COLLATE utf8_spanish_ci,
  `biblio_basica` text COLLATE utf8_spanish_ci,
  `biblio_consulta` text COLLATE utf8_spanish_ci,
  `fundament` text COLLATE utf8_spanish_ci NOT NULL,
  `objetivo_plan` text COLLATE utf8_spanish_ci NOT NULL,
  `objetivo_programa` text COLLATE utf8_spanish_ci NOT NULL,
  `contenido_plan` text COLLATE utf8_spanish_ci NOT NULL,
  `contenido_analitico` text COLLATE utf8_spanish_ci,
  `propuesta_met` text COLLATE utf8_spanish_ci NOT NULL,
  `evycond_acreditacion` text COLLATE utf8_spanish_ci NOT NULL,
  `parcial_rec_promo` text COLLATE utf8_spanish_ci NOT NULL,
  `distr_horaria` text COLLATE utf8_spanish_ci NOT NULL,
  `crono_tentativo` text COLLATE utf8_spanish_ci NOT NULL,
  `actv_extracur` text COLLATE utf8_spanish_ci NOT NULL,
  `created_at` datetime DEFAULT NULL,
  `updated_at` datetime DEFAULT NULL,
  `created_by` int(11) DEFAULT NULL,
  `updated_by` int(11) DEFAULT NULL,
  PRIMARY KEY (`id`),
  KEY `statusprograma` (`status_id`),
  KEY `departamentoprograma` (`departamento_id`),
  KEY `asignaturaprograma` (`asignatura_id`),
  CONSTRAINT `asignaturaprograma` FOREIGN KEY (`asignatura_id`) REFERENCES `asignatura` (`id`) ON DELETE NO ACTION ON UPDATE NO ACTION,
  CONSTRAINT `departamentoprograma` FOREIGN KEY (`departamento_id`) REFERENCES `departamento` (`id`) ON DELETE NO ACTION ON UPDATE NO ACTION,
  CONSTRAINT `statusprograma` FOREIGN KEY (`status_id`) REFERENCES `status` (`id`) ON DELETE NO ACTION ON UPDATE NO ACTION
) ENGINE=InnoDB AUTO_INCREMENT=10 DEFAULT CHARSET=utf8 COLLATE=utf8_spanish_ci;
/*!40101 SET character_set_client = @saved_cs_client */;

--
-- Dumping data for table `programa`
--

LOCK TABLES `programa` WRITE;
/*!40000 ALTER TABLE `programa` DISABLE KEYS */;
INSERT INTO `programa` VALUES (1,NULL,1,3,2019,'','<p>qweqweqw</p>','','<p style=\"text-align: justify;\">qweqweqwe</p>','<p>qweqweqwe</p>','<p>eqweqweqwe</p>','<p>qweqweqwe</p>','<p>qweqweqwe</p>','<p>qweqw</p>','','','','','','2019-02-28 21:12:06','2019-02-28 21:12:54',48,48),(2,NULL,1,168,2019,'<p>Juan Carlos Brocca</p>\r\n<p>Ramiro Garc&iacute;a Poggi</p>','<ol style=\"list-style-type: upper-roman;\">\r\n<li><strong>Introducci&oacute;n al Software Libre, Jes&uacute;s Gonz&aacute;lez Barahona, </strong>Joaqu&iacute;n Seoane Pascual y Gregorio Robles, 2008 &ndash; Segunda Edici&oacute;n, Universitat Oberta de Catalunya.</li>\r\n<li><strong>Aspectos legales y de explotaci&oacute;n del software libre, </strong>Tomos 1 y 2, Malcom Bain, Manuel Gallego Rodr&iacute;guez, Manuel Mart&iacute;nez Ribas y Judit Rius Sanju&aacute;n, 2010, Universitat Oberta de Catalunya.</li>\r\n<li>&nbsp;<strong>Aspectos econ&oacute;micos y modelos de negocio del software libre, </strong>David Meg&iacute;as Jim&eacute;nez (coordinador) , Amadeu Alb&oacute;s Raya , Llu&iacute;s Bru Mart&iacute;nez e Irene Fern&aacute;ndez Monsalve, 2009, Universitat Oberta de Catalunya.</li>\r\n<li><strong>Gu&iacute;a pr&aacute;ctica sobre Software Libre, </strong>su selecci&oacute;n y aplicaci&oacute;n local en Am&eacute;rica Latina y el Caribe, Fernando da Rosa, Federico Heinz, 2007, Unesco.</li>\r\n</ol>','<ol style=\"list-style-type: upper-roman;\" start=\"5\">\r\n<li style=\"text-align: left;\"><strong>Gu&iacute;a del derecho y el software de fuentes abiertas</strong>, Malcolm Bain,2009, Cenatic.</li>\r\n<li><strong>Software Libre para una sociedad libre,</strong> Richard M. Stallman, 2004, Traficantes de Sue&ntilde;os.</li>\r\n<li><strong>Taller de migraci&oacute;n al Software Libre</strong>, 2009, Junta de Comunidades de Castilla-La Mancha.</li>\r\n</ol>\r\n<h4>Bibliograf&iacute;a Orientada</h4>\r\n<p>Para que los estudiantes puedan dimensionar la importancia de los materiales de estudio y ordenar sus lecturas, se les ofrece un esquema donde cada libro aparece identificado con su n&uacute;mero de orden y puesto en relaci&oacute;n con las unidades del programa:</p>\r\n<table style=\"height: 411px;\" border=\"0\" width=\"649\" cellspacing=\"0\"><colgroup span=\"6\" width=\"85\"></colgroup>\r\n<tbody>\r\n<tr>\r\n<td style=\"border-bottom: 1px solid #000000; width: 91px;\" align=\"center\" height=\"20\"><strong><span style=\"font-size: medium;\">&nbsp;</span></strong></td>\r\n<td style=\"border: 1px solid #000000; width: 523px;\" colspan=\"5\" align=\"center\" valign=\"middle\"><strong><span style=\"font-size: medium;\">Unidad</span></strong></td>\r\n</tr>\r\n<tr>\r\n<td style=\"border: 1px solid #000000; border-top: none; width: 91px;\" align=\"center\" height=\"20\"><strong><span style=\"font-size: medium;\">Libro</span></strong></td>\r\n<td style=\"border-bottom: 1px solid #000000; border-right: 1px solid #000000; width: 91px;\" align=\"center\"><strong><span style=\"font-size: medium;\">1</span></strong></td>\r\n<td style=\"border-bottom: 1px solid #000000; border-right: 1px solid #000000; width: 91px;\" align=\"center\"><strong><span style=\"font-size: medium;\">2</span></strong></td>\r\n<td style=\"border-bottom: 1px solid #000000; border-right: 1px solid #000000; width: 91px;\" align=\"center\"><strong><span style=\"font-size: medium;\">3</span></strong></td>\r\n<td style=\"border-bottom: 1px solid #000000; border-right: 1px solid #000000; width: 91px;\" align=\"center\"><strong><span style=\"font-size: medium;\">4</span></strong></td>\r\n<td style=\"border-bottom: 1px solid #000000; border-right: 1px solid #000000; width: 91px;\" align=\"center\"><strong><span style=\"font-size: medium;\">5</span></strong></td>\r\n</tr>\r\n<tr>\r\n<td style=\"border-bottom: 1px solid #000000; border-left: 1px solid #000000; border-right: 1px solid #000000; width: 91px;\" align=\"center\" height=\"20\"><strong><span style=\"font-size: medium;\">I</span></strong></td>\r\n<td style=\"border-bottom: 1px solid #000000; border-right: 1px solid #000000; width: 91px;\" align=\"center\"><strong><span style=\"font-size: medium;\">***</span></strong></td>\r\n<td style=\"border-bottom: 1px solid #000000; border-right: 1px solid #000000; width: 91px;\" align=\"center\"><strong><span style=\"font-size: medium;\">**</span></strong></td>\r\n<td style=\"border-bottom: 1px solid #000000; border-right: 1px solid #000000; width: 91px;\" align=\"center\"><strong><span style=\"font-size: medium;\">**</span></strong></td>\r\n<td style=\"border-bottom: 1px solid #000000; border-right: 1px solid #000000; width: 91px;\" align=\"center\"><strong><span style=\"font-size: medium;\">**</span></strong></td>\r\n<td style=\"border-bottom: 1px solid #000000; border-right: 1px solid #000000; width: 91px;\" align=\"center\"><strong><span style=\"font-size: medium;\">**</span></strong></td>\r\n</tr>\r\n<tr>\r\n<td style=\"border-bottom: 1px solid #000000; border-left: 1px solid #000000; border-right: 1px solid #000000; width: 91px;\" align=\"center\" height=\"20\"><strong><span style=\"font-size: medium;\">II</span></strong></td>\r\n<td style=\"border-bottom: 1px solid #000000; border-right: 1px solid #000000; width: 91px;\" align=\"center\"><strong><span style=\"font-size: medium;\">***</span></strong></td>\r\n<td style=\"border-bottom: 1px solid #000000; border-right: 1px solid #000000; width: 91px;\" align=\"center\"><strong><span style=\"font-size: medium;\">**</span></strong></td>\r\n<td style=\"border-bottom: 1px solid #000000; border-right: 1px solid #000000; width: 91px;\" align=\"center\"><strong><span style=\"font-size: medium;\">***</span></strong></td>\r\n<td style=\"border-bottom: 1px solid #000000; border-right: 1px solid #000000; width: 91px;\" align=\"center\"><strong><span style=\"font-size: medium;\">*</span></strong></td>\r\n<td style=\"border-bottom: 1px solid #000000; border-right: 1px solid #000000; width: 91px;\" align=\"center\"><strong><span style=\"font-size: medium;\">&nbsp;</span></strong></td>\r\n</tr>\r\n<tr>\r\n<td style=\"border-bottom: 1px solid #000000; border-left: 1px solid #000000; border-right: 1px solid #000000; width: 91px;\" align=\"center\" height=\"20\"><strong><span style=\"font-size: medium;\">III</span></strong></td>\r\n<td style=\"border-bottom: 1px solid #000000; border-right: 1px solid #000000; width: 91px;\" align=\"center\"><strong><span style=\"font-size: medium;\">&nbsp;</span></strong></td>\r\n<td style=\"border-bottom: 1px solid #000000; border-right: 1px solid #000000; width: 91px;\" align=\"center\"><strong><span style=\"font-size: medium;\">***</span></strong></td>\r\n<td style=\"border-bottom: 1px solid #000000; border-right: 1px solid #000000; width: 91px;\" align=\"center\"><strong><span style=\"font-size: medium;\">&nbsp;</span></strong></td>\r\n<td style=\"border-bottom: 1px solid #000000; border-right: 1px solid #000000; width: 91px;\" align=\"center\"><strong><span style=\"font-size: medium;\">***</span></strong></td>\r\n<td style=\"border-bottom: 1px solid #000000; border-right: 1px solid #000000; width: 91px;\" align=\"center\"><strong><span style=\"font-size: medium;\">&nbsp;</span></strong></td>\r\n</tr>\r\n<tr>\r\n<td style=\"border-bottom: 1px solid #000000; border-left: 1px solid #000000; border-right: 1px solid #000000; width: 91px;\" align=\"center\" height=\"20\"><strong><span style=\"font-size: medium;\">IV</span></strong></td>\r\n<td style=\"border-bottom: 1px solid #000000; border-right: 1px solid #000000; width: 91px;\" align=\"center\"><strong><span style=\"font-size: medium;\">&nbsp;</span></strong></td>\r\n<td style=\"border-bottom: 1px solid #000000; border-right: 1px solid #000000; width: 91px;\" align=\"center\"><strong><span style=\"font-size: medium;\">&nbsp;</span></strong></td>\r\n<td style=\"border-bottom: 1px solid #000000; border-right: 1px solid #000000; width: 91px;\" align=\"center\"><strong><span style=\"font-size: medium;\">&nbsp;</span></strong></td>\r\n<td style=\"border-bottom: 1px solid #000000; border-right: 1px solid #000000; width: 91px;\" align=\"center\"><strong><span style=\"font-size: medium;\">***</span></strong></td>\r\n<td style=\"border-bottom: 1px solid #000000; border-right: 1px solid #000000; width: 91px;\" align=\"center\"><strong><span style=\"font-size: medium;\">***</span></strong></td>\r\n</tr>\r\n<tr>\r\n<td style=\"border-bottom: 1px solid #000000; border-left: 1px solid #000000; border-right: 1px solid #000000; width: 91px;\" align=\"center\" height=\"20\"><strong><span style=\"font-size: medium;\">V</span></strong></td>\r\n<td style=\"border-bottom: 1px solid #000000; border-right: 1px solid #000000; width: 91px;\" align=\"center\"><strong><span style=\"font-size: medium;\">*</span></strong></td>\r\n<td style=\"border-bottom: 1px solid #000000; border-right: 1px solid #000000; width: 91px;\" align=\"center\"><strong><span style=\"font-size: medium;\">&nbsp;</span></strong></td>\r\n<td style=\"border-bottom: 1px solid #000000; border-right: 1px solid #000000; width: 91px;\" align=\"center\"><strong><span style=\"font-size: medium;\">&nbsp;</span></strong></td>\r\n<td style=\"border-bottom: 1px solid #000000; border-right: 1px solid #000000; width: 91px;\" align=\"center\"><strong><span style=\"font-size: medium;\">&nbsp;</span></strong></td>\r\n<td style=\"border-bottom: 1px solid #000000; border-right: 1px solid #000000; width: 91px;\" align=\"center\"><strong><span style=\"font-size: medium;\">&nbsp;</span></strong></td>\r\n</tr>\r\n<tr>\r\n<td style=\"border-bottom: 1px solid #000000; border-left: 1px solid #000000; border-right: 1px solid #000000; width: 91px;\" align=\"center\" height=\"20\"><strong><span style=\"font-size: medium;\">VI</span></strong></td>\r\n<td style=\"border-bottom: 1px solid #000000; border-right: 1px solid #000000; width: 91px;\" align=\"center\"><strong><span style=\"font-size: medium;\">*</span></strong></td>\r\n<td style=\"border-bottom: 1px solid #000000; border-right: 1px solid #000000; width: 91px;\" align=\"center\"><strong><span style=\"font-size: medium;\">&nbsp;</span></strong></td>\r\n<td style=\"border-bottom: 1px solid #000000; border-right: 1px solid #000000; width: 91px;\" align=\"center\"><strong><span style=\"font-size: medium;\">&nbsp;</span></strong></td>\r\n<td style=\"border-bottom: 1px solid #000000; border-right: 1px solid #000000; width: 91px;\" align=\"center\"><strong><span style=\"font-size: medium;\">&nbsp;</span></strong></td>\r\n<td style=\"border-bottom: 1px solid #000000; border-right: 1px solid #000000; width: 91px;\" align=\"center\"><strong><span style=\"font-size: medium;\">&nbsp;</span></strong></td>\r\n</tr>\r\n<tr>\r\n<td style=\"border-bottom: 1px solid #000000; border-left: 1px solid #000000; border-right: 1px solid #000000; width: 91px;\" align=\"center\" height=\"20\"><strong><span style=\"font-size: medium;\">VII</span></strong></td>\r\n<td style=\"border-bottom: 1px solid #000000; border-right: 1px solid #000000; width: 91px;\" align=\"center\"><strong><span style=\"font-size: medium;\">**</span></strong></td>\r\n<td style=\"border-bottom: 1px solid #000000; border-right: 1px solid #000000; width: 91px;\" align=\"center\"><strong><span style=\"font-size: medium;\">&nbsp;</span></strong></td>\r\n<td style=\"border-bottom: 1px solid #000000; border-right: 1px solid #000000; width: 91px;\" align=\"center\"><strong><span style=\"font-size: medium;\">**</span></strong></td>\r\n<td style=\"border-bottom: 1px solid #000000; border-right: 1px solid #000000; width: 91px;\" align=\"center\"><strong><span style=\"font-size: medium;\">**</span></strong></td>\r\n<td style=\"border-bottom: 1px solid #000000; border-right: 1px solid #000000; width: 91px;\" align=\"center\">&nbsp;</td>\r\n</tr>\r\n</tbody>\r\n</table>\r\n<p>La totalidad de la bibliograf&iacute;a propuesta se encuentra en formato digital y de libre disponibilidad, de acuerdo con los t&eacute;rminos de las respectivas licencias.<br />Los apuntes de c&aacute;tedra se encuentran a disposici&oacute;n de los estudiantes.</p>','<h4>Del Programa</h4>\r\n<p><br />La utilizaci&oacute;n del Software Libre ha gestado un cambio tecnol&oacute;gico y cultural que requiere de un estudio especializado. <br />Es as&iacute; que, en concordancia con el objetivo principal de la carrera, el contenido de la signatura se ha dise&ntilde;ado con la finalidad de formar a los estudiantes en el conocimiento y empleo de procedimientos, modelos, t&eacute;cnicas y herramientas que les permitan abordar la problem&aacute;tica relativa a la implementaci&oacute;n de tecnolog&iacute;as libres, entendi&eacute;ndose como tal todos aquellos modernos desarrollos tecnol&oacute;gicos que comparten el esp&iacute;ritu del Software Libre.</p>\r\n<p><br />Por tal motivo se presentan los aspectos espec&iacute;ficos del paradigma, con el foco en su definici&oacute;n y las consecuencias que implica su utilizaci&oacute;n.</p>\r\n<h4><br />De la estructura de c&aacute;tedra</h4>\r\n<p><br />El equipo de c&aacute;tedra est&aacute; conformado de acuerdo con las pol&iacute;ticas de designaci&oacute;n establecidas y la cantidad de estudiantes matriculados a la asignatura.</p>','<ul>\r\n<li>Conocer los aspectos t&eacute;cnicos, legales, econ&oacute;micos y sociales que distinguen al Software Libre y de C&oacute;digo Abierto.</li>\r\n<li>Conocer las formas de analizar, evaluar y utilizar las fuentes de documentaci&oacute;n y soporte del Software Libre y de C&oacute;digo Abierto.</li>\r\n</ul>','<p>Se pretende que el estudiante adquiera una visi&oacute;n general del paradigma del Software Libre, desarrollando las habilidades te&oacute;rico-pr&aacute;cticas que le permitan:</p>\r\n<ul>\r\n<li>Conocer los aspectos t&eacute;cnicos, legales, econ&oacute;micos y sociales que distinguen al modelo.</li>\r\n<li>Dominar las formas de analizar, evaluar y utilizar las fuentes de documentaci&oacute;n y soporte del Software Libre.</li>\r\n<li>Desarrollar habilidades en la resoluci&oacute;n de problemas, trabajando tanto de forma aut&oacute;noma como en equipo.</li>\r\n</ul>','<p>Las licencias de software. Software Libre y Open Source. Comparaci&oacute;n. Ventajas de la disponibilidad del c&oacute;digo fuente. Modelos de desarrollo abiertos y colaborativos. Aspectos legales y de explotaci&oacute;n del Software Libre. Implantaci&oacute;n de sistemas de Software Libre. <br />Factibilidad. Aspectos econ&oacute;micos y modelos de negocio del Software Libre. Costo total de operaci&oacute;n. Comparaci&oacute;n con otras alternativas. El Software Libre en el sector p&uacute;blico, en la educaci&oacute;n y en la empresa.</p>','<h4>Unidad 1: Introducci&oacute;n al Software Libre</h4>\r\n<p>Introducci&oacute;n. Software Libre y C&oacute;digo Abierto. Aspectos &eacute;ticos. Implicancias sociales. Localizaci&oacute;n. Proyectos libres.</p>\r\n<h4>Unidad 2: Aspectos t&eacute;cnicos</h4>\r\n<p>Proyectos de Software Libre. Modelo de desarrollo. Infraestructura tecnol&oacute;gica. Manejo de documentaci&oacute;n y soporte. Seguridad.</p>\r\n<h4>Unidad 3: Aspectos legales</h4>\r\n<p>Dominio P&uacute;blico, <em>Copyright</em>, <em>Copyleft</em> y&nbsp; Licencias de Software. Licenciamiento <em>FSF</em>, <em>Creative Commons</em>, <em>OSI</em> y otros.</p>\r\n<h4>Unidad 4: Uso y aplicaci&oacute;n de Software Libre</h4>\r\n<p>Costo total de operaci&oacute;n. Estudio de costo/beneficio. Procesos de migraci&oacute;n.</p>\r\n<h4>Unidad 5: Producci&oacute;n de Software Libre y con Software Libre</h4>\r\n<p>Modelos de negocio. Colaboraci&oacute;n en proyectos. Organizaciones y software. Administraci&oacute;n p&uacute;blica, educaci&oacute;n p&uacute;blica, sector privado.</p>','<p>Las especiales caracter&iacute;sticas del objeto de la asignatura permiten potenciar el paradigma b&aacute;sico de la ense&ntilde;anza universitaria tradicional y llevarla a un plano innovador. El uso de Internet y de medios audiovisuales integrados posibilitan la vinculaci&oacute;n entre el cuerpo docente y los estudiantes con independencia del tiempo y de las instancias presenciales. <br />Es por eso que la propuesta metodol&oacute;gica se basar&aacute; en estrategias propias de una ense&ntilde;anza activa, centrada en el trabajo te&oacute;rico-pr&aacute;ctico, con utilizaci&oacute;n de todos los elementos t&eacute;cnicos disponibles que las propias tecnolog&iacute;as proporcionan, tal el caso de simuladores. <br />La exposici&oacute;n y fundamentaci&oacute;n de los conceptos b&aacute;sicos se aplicar&aacute;n inmediatamente a situaciones reales, particularmente ajustadas al perfil del futuro egresado. Se presentar&aacute;n propuestas de trabajo que permitan la interacci&oacute;n a trav&eacute;s de grupos, reales y virtuales, para potenciar el aprendizaje y favorecer la cooperaci&oacute;n.<br />Se utilizar&aacute;n herramientas de Software Libre, centrando la atenci&oacute;n en las particularidades de los programas y en la filosof&iacute;a de trabajo subyacente. <br />Se insistir&aacute; especialmente en las t&eacute;cnicas y en el desarrollo de la capacidad para abordar problemas nuevos por parte del estudiante, aportando soluciones conocidas o generando nuevas alternativas.</p>','<h3>Evaluaci&oacute;n</h3>\r\n<p>La evaluaci&oacute;n se realizar&aacute; durante diferentes momentos del proceso educativo. Se tomar&aacute; en cuenta la asistencia (presencial y virtual), el cumplimiento de las actividades propuestas, la utilizaci&oacute;n de herramientas interactivas y los procesos de aprendizaje que se demuestren en el cursado de la materia. Desde estos par&aacute;metros se pretende realizar una evaluaci&oacute;n predominantemente formativa. La evaluaci&oacute;n sumativa se detalla en el sistema de acreditaci&oacute;n.</p>\r\n<h3><br />Acreditaci&oacute;n. Alumnos regulares</h3>\r\n<h4>Cursado de la asignatura</h4>\r\n<ul>\r\n<li>Para el cursado de la asignatura el estudiante regular debe cumplir con las siguientes condiciones:</li>\r\n<li>Asistir a por lo menos al 50% de los encuentros presenciales.</li>\r\n<li>Aprobar el 100% de los trabajos pr&aacute;cticos.\r\n<ul>\r\n<li>Se puede recuperar hasta el 20% de los trabajos desaprobados.</li>\r\n</ul>\r\n</li>\r\n<li>Aprobar dos ex&aacute;menes parciales de car&aacute;cter te&oacute;rico-pr&aacute;ctico.\r\n<ul>\r\n<li>Podr&aacute;n rendir los ex&aacute;menes parciales aquellos estudiantes que, al momento de su evaluaci&oacute;n, hayan cumplido proporcionalmente con lo establecido en los incisos anteriores.</li>\r\n<li>Aquellos estudiantes que no alcanzaran la puntuaci&oacute;n m&iacute;nima, deben recuperar el o los parciales rendidos.</li>\r\n</ul>\r\n</li>\r\n<li>El rendimiento m&iacute;nimo exigido es:</li>\r\n</ul>\r\n<p style=\"padding-left: 40px;\"><strong>Estudiantes presenciales:</strong></p>\r\n<ul>\r\n<li style=\"list-style-type: none;\">\r\n<ul>\r\n<li>50/100 puntos para cada parcial, debiendo totalizar entre los dos al menos 120/200 puntos.</li>\r\n</ul>\r\n</li>\r\n</ul>\r\n<p style=\"padding-left: 40px;\"><strong>Estudiantes semipresenciales:</strong></p>\r\n<ul>\r\n<li style=\"list-style-type: none;\">\r\n<ul>\r\n<li>70/100 puntos para cada parcial, debiendo totalizar entre ambos al menos 150/200 puntos.</li>\r\n</ul>\r\n</li>\r\n</ul>\r\n<h4>Acreditaci&oacute;n de la asignatura por promoci&oacute;n</h4>\r\n<p><strong>Estudiantes presenciales:</strong></p>\r\n<p>Tienen derecho al r&eacute;gimen de acreditaci&oacute;n los estudiantes que:</p>\r\n<ul>\r\n<li>Cumplimenten las exigencias de cursado (en forma proporcional).</li>\r\n<li>Tengan una asistencia a clases no inferior al 75%.</li>\r\n<li>Hayan obtenido en cada uno de los dos ex&aacute;menes parciales (no los recuperatorios) una efectividad mayor o igual al 70/100 puntos. (Cuando los ex&aacute;menes sean autom&aacute;ticos y permitan varios intentos, la efectividad m&iacute;nima requerida ser&aacute; de 80/100 puntos).</li>\r\n</ul>\r\n<p>La p&eacute;rdida de la promoci&oacute;n no implica la p&eacute;rdida de la posibilidad de aprobaci&oacute;n con examen final, siempre que el estudiante re&uacute;na los requisitos establecidos para el cursado de la asignatura.</p>\r\n<p><strong>Estudiantes semipresenciales:</strong></p>\r\n<p>Para este r&eacute;gimen de cursado de la asignatura no est&aacute; contemplada esta opci&oacute;n.</p>\r\n<h4>Acreditaci&oacute;n de la asignatura con examen final</h4>\r\n<p>La condici&oacute;n requerida para optar por esta modalidad, consiste en contar con la aprobaci&oacute;n del cursado de la materia. <br />El examen final ser&aacute; del tipo te&oacute;rico-pr&aacute;ctico e integrador, incluyendo pr&aacute;cticas similares a las del curso. <br />Se tomar&aacute; solamente en los turnos que determine el calendario acad&eacute;mico, debiendo el estudiante cumplimentar las formalidades establecidas por el Departamento de Alumnos.</p>\r\n<h4>Acreditaci&oacute;n de alumnos libres</h4>\r\n<p>La acreditaci&oacute;n de alumnos libres se ajustar&aacute; a lo indicado al respecto en la ordenanza 640/96.<br />En este caso, el estudiante deber&aacute; aprobar un examen escrito (o en m&aacute;quina) de la parte pr&aacute;ctica de la signatura. Posteriormente, y solo si ha cumplido con la condici&oacute;n previa, deber&aacute; aprobar, en las misma condiciones, el examen escrito y oral correspondiente a la parte te&oacute;rica de la materia.</p>','<p>vv</p>','<p class=\"western\">La asignatura tiene una carga horaria semanal establecida de cuatro horas. Se estima que el estudiante deber&aacute; dedicarle un tiempo adicional m&iacute;nimo de tres a cuatro horas semanales.</p>\r\n<p><strong>Cursado tradicional</strong></p>\r\n<ul>\r\n<li>Clases presenciales los d&iacute;as jueves de 15:00 a 17:00 horas.</li>\r\n</ul>\r\n<p><strong>Cursado semipresencial</strong></p>\r\n<ul>\r\n<li>Est&aacute;n previstos cuatro encuentros presenciales (la concurrencia al menos a dos de ellos es obligatoria) los d&iacute;as:\r\n<ul>\r\n<li>Jueves&nbsp; 22/03/19 &ndash; 15:00 &ndash;&nbsp; 18:00 horas.</li>\r\n<li>Jueves &ndash; 15:00 &ndash;&nbsp; 18:00 horas.</li>\r\n<li>Jueves &ndash; 15:00 &ndash;&nbsp; 18:00 horas.</li>\r\n<li>Jueves &ndash; 15:00 &ndash;&nbsp; 18:00 horas.</li>\r\n</ul>\r\n</li>\r\n</ul>\r\n<p class=\"western\">Se ofrece, adem&aacute;s, un horario de consulta presencial que se muestra en la siguiente tabla:</p>\r\n<table style=\"height: 103px; width: 555px;\">\r\n<tbody>\r\n<tr style=\"height: 44px;\">\r\n<th style=\"width: 78.4833px; height: 44px;\">Lunes</th>\r\n<th style=\"width: 91.25px; height: 44px;\">Martes</th>\r\n<th style=\"width: 126.383px; height: 44px;\">Mi&eacute;rcoles</th>\r\n<th style=\"width: 89.65px; height: 44px;\">Jueves</th>\r\n<th style=\"width: 99.2333px;\">Viernes</th>\r\n</tr>\r\n<tr style=\"height: 22px;\">\r\n<td style=\"width: 78.4833px; height: 22px;\">&nbsp;</td>\r\n<td style=\"width: 91.25px; height: 22px; text-align: center;\">10-12 horas</td>\r\n<td style=\"width: 126.383px; height: 22px; text-align: center;\">15-17 horas</td>\r\n<td style=\"width: 89.65px; height: 22px;\">&nbsp;</td>\r\n<td style=\"width: 99.2333px;\">&nbsp;</td>\r\n</tr>\r\n</tbody>\r\n</table>\r\n<p>Adem&aacute;s estas instancias presenciales, el estudiante cuenta con la posibilidad de contactar al equipo de c&aacute;tedra mediante los sistemas virtuales de comunicaci&oacute;n establecidos a tal fin.</p>','<table style=\"border-collapse: collapse; height: 110px; border-color: black; border-style: solid; float: left;\" border=\"1\">\r\n<tbody>\r\n<tr style=\"height: 22px;\">\r\n<th style=\"width: 400.2px; height: 22px;\" colspan=\"5\">Cuatrimestre</th>\r\n</tr>\r\n<tr style=\"height: 44px;\">\r\n<th style=\"width: 106px; height: 44px;\">Tiempo <br />/ Unidades</th>\r\n<th style=\"width: 68px; height: 44px;\">Marzo</th>\r\n<th style=\"width: 53px; height: 44px;\">Abril</th>\r\n<th style=\"width: 61px; height: 44px;\">Mayo</th>\r\n<th style=\"width: 57px; height: 44px;\">Junio</th>\r\n</tr>\r\n<tr style=\"height: 22px;\">\r\n<td style=\"width: 106px; height: 22px;\">Unidad 1</td>\r\n<td style=\"width: 68px; height: 22px;\">X</td>\r\n<td style=\"width: 53px; height: 22px;\">x</td>\r\n<td style=\"width: 61px; height: 22px;\">x</td>\r\n<td style=\"width: 57px; height: 22px;\">x</td>\r\n</tr>\r\n<tr style=\"height: 22px;\">\r\n<td style=\"width: 106px; height: 22px;\">Unidad 2</td>\r\n<td style=\"width: 68px; height: 22px;\">&nbsp;</td>\r\n<td style=\"width: 53px; height: 22px;\">&nbsp;</td>\r\n<td style=\"width: 61px; height: 22px;\">&nbsp;</td>\r\n<td style=\"width: 57px; height: 22px;\">&nbsp;</td>\r\n</tr>\r\n</tbody>\r\n</table>\r\n<p>&nbsp;</p>\r\n<p>&nbsp;</p>\r\n<p>&nbsp;</p>\r\n<p>&nbsp;</p>\r\n<p>&nbsp;</p>\r\n<p>&nbsp;</p>\r\n<p>&nbsp;</p>','<p>Participaci&oacute;n en car&aacute;cter de colaboradores del 15&ordm; Festival Latinoamericano de Instalaci&oacute;n de Software Libre el 27 de abril 2019 (<strong>FLISoL</strong>), el evento de difusi&oacute;n de Software Libre m&aacute;s grande en Latinoam&eacute;rica dirigido a todo tipo de p&uacute;blico: estudiantes, acad&eacute;micos, empresarios, trabajadores, funcionarios p&uacute;blicos, entusiastas y aun personas que no poseen mucho conocimiento inform&aacute;tico.&nbsp;</p>','2019-03-01 10:35:49','2019-03-01 20:18:38',41,43),(3,7,2,178,2019,'<p>Cecilia</p>\r\n<p>Carolina</p>','<p>&bull; Apuntes de c&aacute;tedra.<br />&bull; Introduccion_a_la_programacion_con_la_computadora.pdf</p>','<p>&bull; http://php.net/manual/es/getting-started.php<br />&bull; http://php.net/manual/es/indexes.examples.php</p>','<p style=\"text-align: justify;\">Introducci&oacute;n a la Programaci&oacute;n, constituye una de las asignaturas troncales de la carrera, y forma parte del conjunto de materias del segundo cuatrimestre; est&aacute; dise&ntilde;ada para formar al alumnos en los conceptos b&aacute;sicos de programaci&oacute;n, m&eacute;todos de trabajo, t&eacute;cnicas y herramientas para abordar la resoluci&oacute;n de problemas, como una manera de introducirlo en el desarrollo de su formaci&oacute;n profesional que se ir&aacute; completando y profundizando en las materias correlativas del plan. Como punto de partida el alumno adquirir&aacute; herramientas para abordar las estrategias en la resoluci&oacute;n de problemas, m&eacute;todos de dise&ntilde;o de algoritmos y la introducci&oacute;n al lenguaje de programaci&oacute;n PHP. Se ha elegido este lenguaje de programaci&oacute;n multiparadigma, ya que soporta orientaci&oacute;n a objetos, programaci&oacute;n imperativa y, programaci&oacute;n funcional.</p>','<p style=\"text-align: justify;\">Poder resolver problemas de algor&iacute;tmicos, procesos de dise&ntilde;o e implementaci&oacute;n de software. Debido a la gran brecha conceptual existente entre el enunciado del problema se deben transitar las siguientes etapas:<br />&bull; Adquiera habilidad en la detecci&oacute;n de una situaci&oacute;n de problema y en el planteo de los posibles caminos de soluci&oacute;n mediante las t&eacute;cnicas generales de resoluci&oacute;n de problemas.</p>\r\n<p style=\"text-align: justify;\">&bull; Resuelva problemas en un lenguaje de dise&ntilde;o de algoritmos.</p>\r\n<p style=\"text-align: justify;\">&bull; Pueda transformar el algoritmo de programaci&oacute;n dise&ntilde;ado a un programa escrito en el lenguaje elegido.</p>','<p>Poder resolver problemas de algor&iacute;tmicos, procesos de dise&ntilde;o e implementaci&oacute;n de software. Debido a la gran brecha conceptual existente entre el enunciado del problema se deben transitar las siguientes etapas:<br />&bull; Adquiera habilidad en la detecci&oacute;n de una situaci&oacute;n de problema y en el planteo de los posibles caminos de soluci&oacute;n mediante las t&eacute;cnicas generales de resoluci&oacute;n de problemas.</p>\r\n<p>&bull; Resuelva problemas en un lenguaje de dise&ntilde;o de algoritmos.</p>\r\n<p>&bull; Pueda transformar el algoritmo de programaci&oacute;n dise&ntilde;ado a un programa escrito en el lenguaje elegido.</p>','<p style=\"text-align: justify;\">Algoritmos. Resoluci&oacute;n de problemas y clases de problemas con computadora. Programas. Estructura General. de un programa. Tipos de datos primitivos. Estructuras de control. Modularizaci&oacute;n</p>','<p>Unidad 1: Estrategias de Resoluci&oacute;n de Problemas<br />Tipos de problemas, representaciones: descripci&oacute;n verbal, de diagrama, de matem&aacute;tica. Estrategias de resoluci&oacute;n: abstracci&oacute;n, inferencia, razonamiento hacia atr&aacute;s, afinidades entre problemas.<br />Unidad 2: Dise&ntilde;o de Algoritmos<br />Algoritmos: definici&oacute;n, propiedades, especificaci&oacute;n y ejecuci&oacute;n de Algoritmos. Estructura Secuencial: An&aacute;lisis del algoritmo. Tratamiento de Datos. Manipulaci&oacute;n de datos. Dise&ntilde;o de Algoritmos. Se utilizar&aacute; la metodolog&iacute;a Pseudo c&oacute;digo para la resoluci&oacute;n de algoritmos.<br />Unidad 3: Introducci&oacute;n a la Programaci&oacute;n <br />Conceptos b&aacute;sicos. Proceso de programaci&oacute;n, tipos de lenguajes de programaci&oacute;n y de software. Comunicaci&oacute;n Hombre-M&aacute;quina. Lenguajes de alto y bajo nivel. Compiladores e Int&eacute;rpretes. Tipos de Software. Datos de entrada y Salida. Variables, Tipos y Asignaciones. Dise&ntilde;o de un algoritmo: Diagrama de L&iacute;neas. Especificaci&oacute;n del algoritmo. Ejecuci&oacute;n y Verificaci&oacute;n: Traza de un algoritmo <br />Unidad 4: Programaci&oacute;n PHP<br />Introducci&oacute;n al Lenguaje Php. Estructura y conceptos b&aacute;sicos de un programa. Tipos de datos: simples y estructurados. Sintaxis del lenguaje. &Aacute;mbito de influencia de las variables. Arreglos unidimensionales y bidimensionales: Tipos de datos estructurados: cadenas de caracteres, arreglos unidimensionales y bidimensionales. Concepto de biblioteca. <br />Unidad 5: Estructuras de Control Repetitivas. <br />Condiciones booleanas de la estructura repetitiva. Repetitivas en la etapa de An&aacute;lisis, Dise&ntilde;o e Implementaci&oacute;n.</p>\r\n<p>Unidad 6: Modularizaci&oacute;n: Definici&oacute;n. <br />Caracter&iacute;sticas y Propiedades. Encabezado de una funci&oacute;n. Componentes del encabezado. <br />Unidad 7: Arreglos <br />M&eacute;todos de Ordenamiento. Recorrido, Acceso.</p>','<p>Por las caracter&iacute;sticas de la asignatura que permiten desarrollar estrategias propias de ense&ntilde;anza - aprendizaje, a partir de un problema y mediante el empleo de distintas estrategias, arribar a una soluci&oacute;n del mismo. En la primera parte de la materia se comenzar&aacute; con formas de representaci&oacute;n de problemas y estrategias de resoluci&oacute;n. A continuaci&oacute;n se introducir&aacute; una metodolog&iacute;a con la cual podremos dise&ntilde;ar algoritmos, los que se traducir&aacute;n posteriormente al lenguaje Php. <br />Dado que el alumno deber&aacute; adquirir habilidades para participar en car&aacute;cter colaborativo, en proyectos de software e integrar equipos de trabajos para el desarrollo de aplicaciones centradas en la web, desde la asignatura se proponen algunas instancias de entrega de trabajos pr&aacute;cticos y evaluativas en forma grupal. <br />Para el cursado de la asignatura se propone dos modalidades de cursado: presencial y a semi presencial. <br />Para el dictado de las dos modalidades se utilizar&aacute; nuestra plataforma de educaci&oacute;n a distancia www.curza.net/moodle, que posibilita la vinculaci&oacute;n entre el cuerpo docente y los alumnos con independencia del tiempo y de las instancias presenciales. <br />En la plataforma el alumno encontrar&aacute; los recursos necesario, tales como material did&aacute;ctico digital, foros de consulta, y actividades pr&aacute;ctica y el seguimiento permanente de su tutor asignado.<br />El nivel participaci&oacute;n del alumno en la plataforma formar&aacute; parte de la evaluaci&oacute;n integral del alumno. <br />Para la modalidad presencial est&aacute;n previstas horas de c&aacute;tedras destinadas a desarrollo de los contenidos te&oacute;ricos y horas de clases pr&aacute;cticas organizadas en comisiones en las cuales se resolver&aacute;n problemas y algoritmos. <br />En la tercera y cuarta unidad est&aacute;n destinadas al desarrollo del lenguaje de programaci&oacute;n Php. En estas unidades utilizaremos nuestro gabinete inform&aacute;tico, donde los alumnos pueden realizar, ejecutar sus propios programas, siempre guiados con los tutores asignados para las clases pr&aacute;cticas. <br />EVALUACI&Oacute;N Y CONDICIONES DE ACREDITACI&Oacute;N<br />Evaluaci&oacute;n</p>\r\n<p>La evaluaci&oacute;n se realizar&aacute; durante diferentes momentos del proceso educativo. Se tomar&aacute; en cuenta el cumplimiento de las actividades propuestas, la utilizaci&oacute;n de herramientas interactivas y los procesos de aprendizaje que se demuestren en el cursado de la materia. Desde estos par&aacute;metros se pretende realizar una evaluaci&oacute;n predominantemente formativa. La evaluaci&oacute;n sumativa se detalla en el sistema de acreditaci&oacute;n</p>','<p>Cursado de la asignatura<br />Seg&uacute;n la ordenanza 640/96, el cursado de la asignatura tiene una validez de dos a&ntilde;os y para obtenerlo, el alumno regular debe cumplir con las siguientes condiciones:<br />1. Cumplir con la entrega y aprobar los trabajos pr&aacute;cticos: grupales e individuales.<br />Para ello, el alumno debe desarrollar satisfactoriamente cada trabajo, entregar en tiempo y forma el material que se les solicite y realizar la evaluaci&oacute;n correspondiente al tema. <br />3. Aprobar 40/100 un ex&aacute;menes al final de la cursada de car&aacute;cter te&oacute;rico &ndash; pr&aacute;ctico obligatorio.<br />Acreditaci&oacute;n de la asignatura por promoci&oacute;n<br />Tienen derecho a este r&eacute;gimen de acreditaci&oacute;n los alumnos que:<br />1. Cumplir con la entrega y aprobar los trabajos pr&aacute;cticos: grupales e individuales.<br />Para ello, el alumno debe desarrollar satisfactoriamente cada trabajo, entregar en tiempo y forma el material que se les solicite y realizar la evaluaci&oacute;n correspondiente al tema. <br />3. Aprobar 70/100 un ex&aacute;menes al final de la cursada de car&aacute;cter te&oacute;rico &ndash; pr&aacute;ctico obligatorio.<br />4. Esta forma de acreditaci&oacute;n es s&oacute;lo para la modalidad presencial.<br />Acreditaci&oacute;n. Alumnos libres<br />La acreditaci&oacute;n de alumnos libres se ajustar&aacute; a lo indicado al respecto en la ordenanza 640/96. En este caso, el estudiante deber&aacute; aprobar un examen escrito (o en m&aacute;quina) de la parte pr&aacute;ctica de la signatura. Posteriormente, y solo si ha cumplido con la condici&oacute;n previa, deber&aacute; aprobar, en las misma condiciones, el examen escrito y oral correspondiente a la parte te&oacute;rica de la materia.</p>','<p>Cronograma de encuentros para la modalidad semi-presencial.<br />Est&aacute;n previstos cuatro encuentros presenciales. La concurrencia al menos a dos de ellos es obligatoria.<br />Los mismos tienes una duraci&oacute;n m&aacute;xima de tres horas y ser&aacute;n los d&iacute;as:<br />&bull; Viernes 23/03/2017 &ndash; 16:30 &ndash; 19:30 horas.<br />&bull; Viernes 20/04/2017 &ndash; 16:30 &ndash; 19:30 horas.<br />&bull; Viernes 18/05/2017 &ndash; 16:30 &ndash; 19:30 horas.<br />&bull; Viernes 22/06/2017 &ndash; 16:30 &ndash; 19:30 horas</p>','<p>La materia tiene asignada una carga horaria semanal de 10 horas. Las mismas se distribuyen en tres clases:<br />Martes: 16 a 18 hs.<br />Mi&eacute;rcoles: 16 a 18 hs.</p>','<table style=\"border-collapse: collapse; height: 110px; border-color: black; border-style: solid; float: left;\" border=\"1\">\r\n<tbody>\r\n<tr style=\"height: 22px;\">\r\n<th style=\"width: 400.2px; height: 22px;\" colspan=\"5\">Cuatrimestre</th>\r\n</tr>\r\n<tr style=\"height: 44px;\">\r\n<th style=\"width: 106px; height: 44px;\">Tiempo <br />/ Unidades</th>\r\n<th style=\"width: 68px; height: 44px;\">Marzo</th>\r\n<th style=\"width: 53px; height: 44px;\">Abril</th>\r\n<th style=\"width: 61px; height: 44px;\">Mayo</th>\r\n<th style=\"width: 57px; height: 44px;\">Junio</th>\r\n</tr>\r\n<tr style=\"height: 22px;\">\r\n<td style=\"width: 106px; height: 22px;\">Unidad 1</td>\r\n<td style=\"width: 68px; height: 22px;\">X</td>\r\n<td style=\"width: 53px; height: 22px;\">&nbsp;</td>\r\n<td style=\"width: 61px; height: 22px;\">&nbsp;</td>\r\n<td style=\"width: 57px; height: 22px;\">&nbsp;</td>\r\n</tr>\r\n<tr style=\"height: 22px;\">\r\n<td style=\"width: 106px; height: 22px;\">Unidad 2</td>\r\n<td style=\"width: 68px; height: 22px;\">&nbsp;</td>\r\n<td style=\"width: 53px; height: 22px;\">&nbsp;</td>\r\n<td style=\"width: 61px; height: 22px;\">&nbsp;</td>\r\n<td style=\"width: 57px; height: 22px;\">&nbsp;</td>\r\n</tr>\r\n</tbody>\r\n</table>','<p>xxx</p>','2019-03-01 11:34:03','2019-03-01 20:05:38',43,250),(4,7,2,176,2019,'<p>Cecilia</p>\r\n<p>Carolina</p>','<p>vvv</p>','<p>bbbb</p>','<p>Introducci&oacute;n a la Programaci&oacute;n, constituye una de las asignaturas troncales de la carrera, y forma parte del conjunto de materias del segundo cuatrimestre; est&aacute; dise&ntilde;ada para formar al alumnos en los conceptos b&aacute;sicos de programaci&oacute;n, m&eacute;todos de trabajo, t&eacute;cnicas y herramientas para abordar la resoluci&oacute;n de problemas, como una manera de introducirlo en el desarrollo de su formaci&oacute;n profesional que se ir&aacute; completando y profundizando en las materias correlativas del plan. Como punto de partida el alumno adquirir&aacute; herramientas para abordar las estrategias en la resoluci&oacute;n de problemas, m&eacute;todos de dise&ntilde;o de algoritmos y la introducci&oacute;n al lenguaje de programaci&oacute;n PHP. Se ha elegido este lenguaje de programaci&oacute;n multiparadigma, ya que soporta orientaci&oacute;n a objetos, programaci&oacute;n imperativa y, programaci&oacute;n funcional.</p>','<p class=\"western\" style=\"margin-left: 1.25cm; text-indent: 1.25cm; margin-bottom: 0.35cm;\" align=\"justify\"><span style=\"font-family: Times New Roman, serif;\"><span style=\"font-size: small;\"><span lang=\"es-ES\"><span style=\"font-weight: normal;\">Introducci&oacute;n a la Programaci&oacute;n, constituye una de las asignaturas troncales de la carrera, y forma parte del conjunto de materias del segundo cuatrimestre; est&aacute; dise&ntilde;ada para formar al alumnos en los conceptos b&aacute;sicos de programaci&oacute;n, m&eacute;todos de trabajo, t&eacute;cnicas y herramientas para abordar la resoluci&oacute;n de problemas, como una manera de introducirlo en el desarrollo de su formaci&oacute;n profesional que se ir&aacute; completando y profundizando en las materias correlativas del plan. Como punto de partida el alumno adquirir&aacute; herramientas para abordar las estrategias en la resoluci&oacute;n de problemas, m&eacute;todos de dise&ntilde;o de algoritmos y la introducci&oacute;n al lenguaje de programaci&oacute;n PHP. Se ha elegido este lenguaje de programaci&oacute;n multiparadigma, ya que soporta orientaci&oacute;n a objetos, programaci&oacute;n imperativa y, programaci&oacute;n funcional. </span></span></span></span></p>','<p>Introducci&oacute;n a la Programaci&oacute;n, constituye una de las asignaturas troncales de la carrera, y forma parte del conjunto de materias del segundo cuatrimestre; est&aacute; dise&ntilde;ada para formar al alumnos en los conceptos b&aacute;sicos de programaci&oacute;n, m&eacute;todos de trabajo, t&eacute;cnicas y herramientas para abordar la resoluci&oacute;n de problemas, como una manera de introducirlo en el desarrollo de su formaci&oacute;n profesional que se ir&aacute; completando y profundizando en las materias correlativas del plan. Como punto de partida el alumno adquirir&aacute; herramientas para abordar las estrategias en la resoluci&oacute;n de problemas, m&eacute;todos de dise&ntilde;o de algoritmos y la introducci&oacute;n al lenguaje de programaci&oacute;n PHP. Se ha elegido este lenguaje de programaci&oacute;n multiparadigma, ya que soporta orientaci&oacute;n a objetos, programaci&oacute;n imperativa y, programaci&oacute;n funcional.</p>','<p>Introducci&oacute;n a la Programaci&oacute;n, constituye una de las asignaturas troncales de la carrera, y forma parte del conjunto de materias del segundo cuatrimestre; est&aacute; dise&ntilde;ada para formar al alumnos en los conceptos b&aacute;sicos de programaci&oacute;n, m&eacute;todos de trabajo, t&eacute;cnicas y herramientas para abordar la resoluci&oacute;n de problemas, como una manera de introducirlo en el desarrollo de su formaci&oacute;n profesional que se ir&aacute; completando y profundizando en las materias correlativas del plan. Como punto de partida el alumno adquirir&aacute; herramientas para abordar las estrategias en la resoluci&oacute;n de problemas, m&eacute;todos de dise&ntilde;o de algoritmos y la introducci&oacute;n al lenguaje de programaci&oacute;n PHP. Se ha elegido este lenguaje de programaci&oacute;n multiparadigma, ya que soporta orientaci&oacute;n a objetos, programaci&oacute;n imperativa y, programaci&oacute;n funcional.</p>','<p>Introducci&oacute;n a la Programaci&oacute;n, constituye una de las asignaturas troncales de la carrera, y forma parte del conjunto de materias del segundo cuatrimestre; est&aacute; dise&ntilde;ada para formar al alumnos en los conceptos b&aacute;sicos de programaci&oacute;n, m&eacute;todos de trabajo, t&eacute;cnicas y herramientas para abordar la resoluci&oacute;n de problemas, como una manera de introducirlo en el desarrollo de su formaci&oacute;n profesional que se ir&aacute; completando y profundizando en las materias correlativas del plan. Como punto de partida el alumno adquirir&aacute; herramientas para abordar las estrategias en la resoluci&oacute;n de problemas, m&eacute;todos de dise&ntilde;o de algoritmos y la introducci&oacute;n al lenguaje de programaci&oacute;n PHP. Se ha elegido este lenguaje de programaci&oacute;n multiparadigma, ya que soporta orientaci&oacute;n a objetos, programaci&oacute;n imperativa y, programaci&oacute;n funcional.</p>','<p>Introducci&oacute;n a la Programaci&oacute;n, constituye una de las asignaturas troncales de la carrera, y forma parte del conjunto de materias del segundo cuatrimestre; est&aacute; dise&ntilde;ada para formar al alumnos en los conceptos b&aacute;sicos de programaci&oacute;n, m&eacute;todos de trabajo, t&eacute;cnicas y herramientas para abordar la resoluci&oacute;n de problemas, como una manera de introducirlo en el desarrollo de su formaci&oacute;n profesional que se ir&aacute; completando y profundizando en las materias correlativas del plan. Como punto de partida el alumno adquirir&aacute; herramientas para abordar las estrategias en la resoluci&oacute;n de problemas, m&eacute;todos de dise&ntilde;o de algoritmos y la introducci&oacute;n al lenguaje de programaci&oacute;n PHP. Se ha elegido este lenguaje de programaci&oacute;n multiparadigma, ya que soporta orientaci&oacute;n a objetos, programaci&oacute;n imperativa y, programaci&oacute;n funcional.</p>','<p>Introducci&oacute;n a la Programaci&oacute;n, constituye una de las asignaturas troncales de la carrera, y forma parte del conjunto de materias del segundo cuatrimestre; est&aacute; dise&ntilde;ada para formar al alumnos en los conceptos b&aacute;sicos de programaci&oacute;n, m&eacute;todos de trabajo, t&eacute;cnicas y herramientas para abordar la resoluci&oacute;n de problemas, como una manera de introducirlo en el desarrollo de su formaci&oacute;n profesional que se ir&aacute; completando y profundizando en las materias correlativas del plan. Como punto de partida el alumno adquirir&aacute; herramientas para abordar las estrategias en la resoluci&oacute;n de problemas, m&eacute;todos de dise&ntilde;o de algoritmos y la introducci&oacute;n al lenguaje de programaci&oacute;n PHP. Se ha elegido este lenguaje de programaci&oacute;n multiparadigma, ya que soporta orientaci&oacute;n a objetos, programaci&oacute;n imperativa y, programaci&oacute;n funcional.</p>','<p>Introducci&oacute;n a la Programaci&oacute;n, constituye una de las asignaturas troncales de la carrera, y forma parte del conjunto de materias del segundo cuatrimestre; est&aacute; dise&ntilde;ada para formar al alumnos en los conceptos b&aacute;sicos de programaci&oacute;n, m&eacute;todos de trabajo, t&eacute;cnicas y herramientas para abordar la resoluci&oacute;n de problemas, como una manera de introducirlo en el desarrollo de su formaci&oacute;n profesional que se ir&aacute; completando y profundizando en las materias correlativas del plan. Como punto de partida el alumno adquirir&aacute; herramientas para abordar las estrategias en la resoluci&oacute;n de problemas, m&eacute;todos de dise&ntilde;o de algoritmos y la introducci&oacute;n al lenguaje de programaci&oacute;n PHP. Se ha elegido este lenguaje de programaci&oacute;n multiparadigma, ya que soporta orientaci&oacute;n a objetos, programaci&oacute;n imperativa y, programaci&oacute;n funcional.</p>','<p>Introducci&oacute;n a la Programaci&oacute;n, constituye una de las asignaturas troncales de la carrera, y forma parte del conjunto de materias del segundo cuatrimestre; est&aacute; dise&ntilde;ada para formar al alumnos en los conceptos b&aacute;sicos de programaci&oacute;n, m&eacute;todos de trabajo, t&eacute;cnicas y herramientas para abordar la resoluci&oacute;n de problemas, como una manera de introducirlo en el desarrollo de su formaci&oacute;n profesional que se ir&aacute; completando y profundizando en las materias correlativas del plan. Como punto de partida el alumno adquirir&aacute; herramientas para abordar las estrategias en la resoluci&oacute;n de problemas, m&eacute;todos de dise&ntilde;o de algoritmos y la introducci&oacute;n al lenguaje de programaci&oacute;n PHP. Se ha elegido este lenguaje de programaci&oacute;n multiparadigma, ya que soporta orientaci&oacute;n a objetos, programaci&oacute;n imperativa y, programaci&oacute;n funcional.</p>','<table style=\"border-collapse: collapse; height: 110px; border-color: black; border-style: solid; float: left;\" border=\"1\">\r\n<tbody>\r\n<tr style=\"height: 22px;\">\r\n<th style=\"width: 400.2px; height: 22px;\" colspan=\"5\">Cuatrimestre</th>\r\n</tr>\r\n<tr style=\"height: 44px;\">\r\n<th style=\"width: 106px; height: 44px;\">Tiempo <br />/ Unidades</th>\r\n<th style=\"width: 68px; height: 44px;\">Marzo</th>\r\n<th style=\"width: 53px; height: 44px;\">Abril</th>\r\n<th style=\"width: 61px; height: 44px;\">Mayo</th>\r\n<th style=\"width: 57px; height: 44px;\">Junio</th>\r\n</tr>\r\n<tr style=\"height: 22px;\">\r\n<td style=\"width: 106px; height: 22px;\">Unidad 1</td>\r\n<td style=\"width: 68px; height: 22px;\">X</td>\r\n<td style=\"width: 53px; height: 22px;\">&nbsp;</td>\r\n<td style=\"width: 61px; height: 22px;\">&nbsp;</td>\r\n<td style=\"width: 57px; height: 22px;\">&nbsp;</td>\r\n</tr>\r\n<tr style=\"height: 22px;\">\r\n<td style=\"width: 106px; height: 22px;\">Unidad 2</td>\r\n<td style=\"width: 68px; height: 22px;\">&nbsp;</td>\r\n<td style=\"width: 53px; height: 22px;\">&nbsp;</td>\r\n<td style=\"width: 61px; height: 22px;\">&nbsp;</td>\r\n<td style=\"width: 57px; height: 22px;\">&nbsp;</td>\r\n</tr>\r\n</tbody>\r\n</table>','<p>ccc</p>','2019-03-01 11:44:58','2019-03-01 20:05:36',43,250),(7,NULL,1,165,2019,'<p>Cecilia</p>\r\n<p>Carolina</p>',NULL,NULL,'<p style=\"text-align: justify;\">Introducci&oacute;n a la Programaci&oacute;n, constituye una de las asignaturas troncales de la carrera, y forma parte del conjunto de materias del segundo cuatrimestre; est&aacute; dise&ntilde;ada para formar al alumnos en los conceptos b&aacute;sicos de programaci&oacute;n, m&eacute;todos de trabajo, t&eacute;cnicas y herramientas para abordar la resoluci&oacute;n de problemas, como una manera de introducirlo en el desarrollo de su formaci&oacute;n profesional que se ir&aacute; completando y profundizando en las materias correlativas del plan. Como punto de partida el alumno adquirir&aacute; herramientas para abordar las estrategias en la resoluci&oacute;n de problemas, m&eacute;todos de dise&ntilde;o de algoritmos y la introducci&oacute;n al lenguaje de programaci&oacute;n PHP. Se ha elegido este lenguaje de programaci&oacute;n multiparadigma, ya que soporta orientaci&oacute;n a objetos, programaci&oacute;n imperativa y, programaci&oacute;n funcional.</p>','<p style=\"text-align: justify;\">El objetivo fundamental es la resoluci&oacute;n de problemas de simple complejidad mediante la computadora.<br />Debido a la gran brecha conceptual existente entre el enunciado del problema a resolver por la computadora y su correspondiente programa este objetivo fundamental se debe cumplir las siguientes etapas:<br />&bull; Adquirir habilidad en la detecci&oacute;n de una situaci&oacute;n de problema y el planteo de los posibles caminos de soluci&oacute;n.<br />&bull; Desarrollar algoritmos como soluci&oacute;n a problemas dados a trav&eacute;s de un lenguaje de dise&ntilde;o de algoritmos orientado a un paradigma procedural.<br />&bull; Traducir el algoritmo de programaci&oacute;n dise&ntilde;ado a un programa escrito en el lenguaje elegido. Ejecutar el programa en computadora.<br />Adem&aacute;s se pretende que el alumno adquiera conocimientos de los conceptos y terminolog&iacute;a b&aacute;sicos en computaci&oacute;n y que resuelva problemas que ser&aacute;n b&aacute;sicos en asignaturas posteriores</p>','<p>El objetivo fundamental es la resoluci&oacute;n de problemas de simple complejidad mediante la computadora.<br />Debido a la gran brecha conceptual existente entre el enunciado del problema a resolver por la computadora<br />y su correspondiente programa este objetivo fundamental se debe cumplir las siguientes etapas:<br />&bull; Adquirir habilidad en la detecci&oacute;n de una situaci&oacute;n de problema y el planteo de los posibles caminos<br />de soluci&oacute;n.<br />&bull; Desarrollar algoritmos como soluci&oacute;n a problemas dados a trav&eacute;s de un lenguaje de dise&ntilde;o de algoritmos<br />orientado a un paradigma procedural.<br />&bull; Traducir el algoritmo de programaci&oacute;n dise&ntilde;ado a un programa escrito en el lenguaje elegido. Ejecutar el<br />programa en computadora.<br />Adem&aacute;s se pretende que el alumno adquiera conocimientos de los conceptos y terminolog&iacute;a b&aacute;sicos en<br />computaci&oacute;n y que resuelva problemas que ser&aacute;n b&aacute;sicos en asignaturas posteriores</p>','<p>Algoritmos. Resoluci&oacute;n de problemas y clases de problemas con computadora. Programas. Estructura General de un programa. Tipos de datos primitivos. Estructuras de control. Modularizaci&oacute;n</p>',NULL,'','','','','','','2019-03-01 20:00:34','2019-03-01 20:03:11',43,43),(8,NULL,1,168,2019,'<p>borrar</p>','<p>sssssss</p>','<p>ssss</p>','<p>borrar</p>','<p>ssss</p>','<p>ssss</p>','<p>ssss</p>','<p>sssss</p>','<p>wsdd</p>','<p>edsssaa</p>','','','','','2019-03-01 20:14:23','2019-03-01 20:23:42',41,43),(9,NULL,3,83,2019,'<p>Pablo Bohoslavsky</p>\r\n<p>Evangelina Lui</p>','<p>Curso de Nivelaci&oacute;n en Matem&aacute;tica. Notas te&oacute;ricas y gu&iacute;a de actividades. Departamento de Matem&aacute;tica. Universidad Nacional del Sur. 2017. <a href=\"http://www.uns.edu.ar/ingreso/cuadernillos/matematica/Curso_de_Nivelacion_2018_Matematica_Notas_Teoricas_y_Guia_de_Actividades_14_11_2017.pdf\">http://www.uns.edu.ar/ingreso/cuadernillos/matematica/Curso_de_Nivelacion_2018_Matematica_Notas_Teoricas_y_Guia_de_Actividades_14_11_2017.pdf</a></p>\r\n<p>&nbsp;</p>\r\n<p>Introducci&oacute;n a la matem&aacute;tica- T. Gibelli, CURZA, 2008.</p>\r\n<p>&nbsp;</p>\r\n<p>Apoyo al &uacute;ltimo a&ntilde;o de la secundaria para la articulaci&oacute;n con el Nivel Superior, Ministerio de Educaci&oacute;n de la Naci&oacute;n, 2008. <a href=\"http://www.me.gov.ar/artisup/mat/Matfinal_alu.pdf\">http://www.me.gov.ar/artisup/mat/Matfinal_alu.pdf</a></p>\r\n<p>&nbsp;</p>\r\n<p>Curso de Apoyo de Matem&aacute;tica, Universidad Nacional San Juan Bosco.</p>\r\n<p><a href=\"http://www.ing.unp.edu.ar/matematica/images/materiales/Modulo_Ingreso.pdf\">http://www.ing.unp.edu.ar/matematica/images/materiales/Modulo_Ingreso.pdf</a></p>\r\n<p>&nbsp;</p>\r\n<p>&nbsp;</p>\r\n<p>LA ENSE&Ntilde;ANZA DE ESTRATEGIAS DE RESOLUCI&Oacute;N DE PROBLEMAS MATEM&Aacute;TICOS EN LA ESO1: UN EJEMPLO CONCRETO. PIFARR&Eacute;, MANOLI y SANUY, JAUME. En Revista electr&oacute;nica de ENSE&Ntilde;ANZA DE LAS CIENCIAS, 2001, 19 (2), 297-308.</p>\r\n<p>&nbsp;</p>\r\n<p>&ldquo;Resoluci&oacute;n de problemas&rdquo;, Material del Ministerio de Educaci&oacute;n Ciencia y Tecnolog&iacute;a,&nbsp; Programa de Apoyo al &uacute;ltimo a&ntilde;o de la secundaria para la articulaci&oacute;n con el nivel superior, 2007. Cuaderno del alumno. <a href=\"http://www.me.gov.ar/artisup/cuad.html\">http://www.me.gov.ar/artisup/cuad.html</a>)</p>\r\n<p>&nbsp;</p>\r\n<p>TRABAJOS DE MATEM&Aacute;TICA. N◦ 61/2012. XXXV Reuni&oacute;n de Educaci&oacute;n Matem&aacute;tica. Uni&oacute;n Matem&aacute;tica Argentina. C. D&rsquo;Andrea &ndash; C. Esteley, I. Marguet, A. Cristante, V. Montoro- G. Soto &ndash; L. Tauber. 2012. &nbsp;<a href=\"http://www2.famaf.unc.edu.ar/publicaciones/documents/serie_b/BMat61.pdf\">http://www2.famaf.unc.edu.ar/publicaciones/documents/serie_b/BMat61.pdf</a>.</p>','','<p>Del Programa</p>\r\n<p>La ciencia matem&aacute;tica tiene caracter&iacute;sticas propias que la diferencian esencialmente de otras. Muchos alumnos ingresantes manifiestan dificultades en las asignaturas universitarias relacionadas a &eacute;sta ciencia, en especial porque, en estudios universitarios, a diferencia del nivel medio, se estudian sus aspectos m&aacute;s formales los que requieren de un razonamiento general y abstracto.</p>\r\n<p>Ese curso pretende introducir a los alumnos en los puntos m&aacute;s importantes de la matem&aacute;tica como ciencia: sus aplicaciones, su forma de razonamiento, su lenguaje espec&iacute;fico. Se pretende que ello les permita a los estudiantes comprender la ciencia, sus m&eacute;todos, sus formas de trabajo y validaci&oacute;n, para luego, en asignaturas posteriores vinculadas cuenten con las herramientas b&aacute;sicas para adquirir los contenidos que se van presentando.</p>\r\n<p>Se busca profundizar en un tratamiento de los conocimientos centrado en algunos de los procedimientos propios de esta disciplina y en la reflexi&oacute;n sobre ellos de modo que los alumnos adviertan si disponen efectivamente de ellos en las ocasiones en que &eacute;stos son necesarios. En este sentido, conviene tener en cuenta diferentes aspectos de las formas de trabajar en matem&aacute;tica: los procedimientos ligados a la resoluci&oacute;n de problemas, a las formas de razonamiento y a la comunicaci&oacute;n usando el lenguaje propio</p>\r\n<p>&nbsp;</p>','<p>Este curso tiene como finalidad actualizar y fortalecer los contenidos conceptuales adquiridos en el nivel medio y favorecer la articulaci&oacute;n de esos conocimientos a los requerimientos de un estudio universitario respeto a capacidad de interpretar las cuestiones matem&aacute;ticas involucradas en otras disciplinas, y comprender c&oacute;mo se utilizan los modelos matem&aacute;ticos para describir, analizar y predecir fen&oacute;menos de las ciencias naturales o sociales o procesos tecnol&oacute;gicos. Adem&aacute;s, es importante que el alumno en su escolaridad haya desarrollado la habilidad de pensar y hacer matem&aacute;ticas, de resolver problemas. Ser capaz de reconocer los l&iacute;mites y la extensi&oacute;n de los conceptos matem&aacute;ticos, evaluar argumentos matem&aacute;ticos, plantear problemas matem&aacute;ticos, seleccionar entre diversas formas de representar situaciones y comunicarse respecto de cuestiones con contenido matem&aacute;tico. Poder, del mismo modo, aplicar estos conocimientos, comprensiones y habilidades en variados y numerosos contextos, tanto personales como sociales y laborales. Este conocimiento resulta fundamental tanto para quienes deseen seguir estudios superiores como para todo ciudadano que necesita interpretar la informaci&oacute;n y tomar decisiones.</p>','<p>Este curso tiene como finalidad actualizar y fortalecer los contenidos conceptuales adquiridos en el nivel medio y favorecer la articulaci&oacute;n de esos conocimientos a los requerimientos de un estudio universitario respeto a capacidad de interpretar las cuestiones matem&aacute;ticas involucradas en otras disciplinas, y comprender c&oacute;mo se utilizan los modelos matem&aacute;ticos para describir, analizar y predecir fen&oacute;menos de las ciencias naturales o sociales o procesos tecnol&oacute;gicos. Adem&aacute;s, es importante que el alumno en su escolaridad haya desarrollado la habilidad de pensar y hacer matem&aacute;ticas, de resolver problemas. Ser capaz de reconocer los l&iacute;mites y la extensi&oacute;n de los conceptos matem&aacute;ticos, evaluar argumentos matem&aacute;ticos, plantear problemas matem&aacute;ticos, seleccionar entre diversas formas de representar situaciones y comunicarse respecto de cuestiones con contenido matem&aacute;tico. Poder, del mismo modo, aplicar estos conocimientos, comprensiones y habilidades en variados y numerosos contextos, tanto personales como sociales y laborales. Este conocimiento resulta fundamental tanto para quienes deseen seguir estudios superiores como para todo ciudadano que necesita interpretar la informaci&oacute;n y tomar decisiones.</p>','<p>Resoluci&oacute;n de problemas. Razonamiento. Lenguaje aritm&eacute;tico y algebraico. Utilizaci&oacute;n de herramientas inform&aacute;ticas</p>','<p><strong>Unidad N&deg; 1: </strong>Aplicaciones de la matem&aacute;tica. Resoluci&oacute;n de problemas.</p>\r\n<p>Se pretende en esta unidad mostrar a los alumnos las matem&aacute;ticas que hay detr&aacute;s y delante de nuestra realidad m&aacute;s cotidiana e inmediata. Todos nos enfrentamos habitualmente a situaciones que nos obligan a reconocer n&uacute;meros y operar con ellos. En cada caso debemos tomar decisiones, analizar situaciones, prever alternativas, estimar resultados, efectuar deducciones, comunicar conclusiones. Pretendemos que los alumnos vinculen los conocimientos matem&aacute;ticos con situaciones problem&aacute;ticas de la vida cotidiana.</p>\r\n<p><strong>&nbsp;</strong></p>\r\n<p><strong>Temas</strong>: conjuntos num&eacute;ricos, razones hist&oacute;ricas de su aparici&oacute;n, tipos de problemas que resuelven. Operaciones entre n&uacute;meros, propiedades y aplicaciones. M&aacute;ximo com&uacute;n divisor y m&iacute;nimo com&uacute;n m&uacute;ltiplo. Fracciones, operaciones y simplificaci&oacute;n. Potenciaci&oacute;n y radicaci&oacute;n, propiedades.</p>\r\n<p>&nbsp;</p>\r\n<p><strong>Unidad N&deg; 2: </strong>Lenguaje de la matem&aacute;tica. Lenguaje aritm&eacute;tico y algebraico.</p>\r\n<p>El hombre utiliza palabras, sonidos, s&iacute;mbolos, im&aacute;genes y gestos, entre otros, para dar a conocer sus ideas. La matem&aacute;tica ayuda a entender el mundo y sus relaciones, pero expres&aacute;ndolo en un lenguaje simb&oacute;lico complejo. El mismo constituye un lenguaje universal utilizado en cualquier parte del mundo, lo cual ha hecho que sea el lenguaje de las ciencias y la tecnolog&iacute;a. Sin embargo, se necesita cierto entrenamiento para traducir del lenguaje que se utiliza habitualmente al sistema de escritura matem&aacute;tica. El objetivo de esta unidad es permitirles a los alumnos recordar los elementos b&aacute;sicos del lenguaje matem&aacute;tico y las reglas que rigen su uso a ﬁn de lograr un manejo adecuado del lenguaje propio de las matem&aacute;ticas. Se propone un &ldquo;repaso&rdquo; sint&eacute;tico de los elementos que constituyen el lenguaje matem&aacute;tico.</p>\r\n<p><strong>&nbsp;</strong></p>\r\n<p><strong>Temas: </strong>Expresiones algebraicas, valorizaci&oacute;n de las mismas. Factorizaci&oacute;n. Ecuaciones y sus soluciones. Caso lineales y polin&oacute;micos. Casos patol&oacute;gicos y ausencia de soluciones. Inecuaciones, campos de soluci&oacute;n. Proporcionalidad directa e inversa.</p>\r\n<p><strong>&nbsp;</strong></p>\r\n<p><strong>Unidad N&deg; 3: </strong>Razonamiento en matem&aacute;tica. Uso de funciones.</p>\r\n<p>Reflexionaremos sobre los procesos de razonamiento utilizados al resolver algunos problemas, con base al an&aacute;lisis de funciones y la determinaci&oacute;n de intervalos de crecimiento y decrecimiento, b&uacute;squeda de extremos (m&aacute;ximos y m&iacute;nimos).</p>\r\n<p>&nbsp;</p>\r\n<p><strong>Temas: </strong>Funciones, tablas de valores, tipos de funciones. Dominio y rango. Problemas. Extremos, crecimiento y decrecimiento. Funciones potenciales, logar&iacute;tmicas y exponenciales.</p>','<p>Se buscar&aacute; profundizar en un tratamiento de los conocimientos centrado en algunos de los procedimientos propios de esta disciplina: resoluci&oacute;n de problemas, razonamiento y comunicaci&oacute;n usando el lenguaje propio.</p>\r\n<p>En la parte pr&aacute;ctica, los alumnos trabajar&aacute;n en la resoluci&oacute;n de problemas, prepar&aacute;ndose para enfrentarlos en forma aut&oacute;noma, dando lugar tanto a la toma de decisiones como al debate a prop&oacute;sito de procedimientos, resultados y conclusiones. Interesa que los alumnos tomen decisiones respecto de la resoluci&oacute;n del problema, respecto de los procedimientos y representaciones que utilizan en la resoluci&oacute;n, y respecto de la elaboraci&oacute;n de argumentos que validen sus producciones. Este tipo de trabajo favorece que los alumnos asuman actitudes de toma de iniciativa, de confianza en sus posibilidades, de aceptaci&oacute;n de cr&iacute;ticas y formulaci&oacute;n de preguntas. Asimismo, una pr&aacute;ctica de resoluci&oacute;n de problemas como la descripta implica la puesta en juego de diferentes formas de razonamiento y de comunicaci&oacute;n.</p>','<p>El seguimiento continuo y personalizado de cada alumno, teniendo en cuenta el trabajo, atenci&oacute;n y participaci&oacute;n en clase, permitir&aacute; ir evaluando el proceso de aprendizaje. Para evaluar la apropiaci&oacute;n de los contenidos curriculares espec&iacute;ficos por parte del alumno se tomar&aacute;n tres evaluaciones escritas (ex&aacute;menes parciales) de car&aacute;cter te&oacute;rico pr&aacute;ctico. Las evaluaciones parciales se consideran aprobadas cuando se ha resuelto correctamente al menos el 60% de la misma. Ser&aacute; condici&oacute;n para rendir los ex&aacute;menes parciales una asistencia de al menos el 75% de las clases.</p>\r\n<p>Criterio de acreditaci&oacute;n:</p>\r\n<ul>\r\n<li>Cursado y aprobaci&oacute;n por promoci&oacute;n:</li>\r\n<li>Cursado y aprobaci&oacute;n con examen final regular:</li>\r\n<li>Aprobaci&oacute;n con examen final libre:</li>\r\n</ul>\r\n<p>&nbsp;</p>','<ul>\r\n<li>Cursado y aprobaci&oacute;n por promoci&oacute;n:</li>\r\n</ul>\r\n<p>Para promocionar la asignatura el alumno deber&aacute; aprobar todas las evaluaciones escritas con un m&iacute;nimo de 7 (siete) (sin haber tenido que recuperar ninguno de los ex&aacute;menes). En caso de que las evaluaciones no hayan incluido todos los contenidos del programa el alumno rendir&aacute; una &uacute;ltima evaluaci&oacute;n que incluya dicho temas. La nota final de aprobaci&oacute;n de la asignatura ser&aacute; el promedio de las notas de las evaluaciones escritas.</p>\r\n<ul>\r\n<li>Cursado y aprobaci&oacute;n con examen final regular:</li>\r\n</ul>\r\n<p>Para cursar la asignatura el alumno deber&aacute; tener un promedio mayor o igual a 6 (seis) en las evaluaciones escritas. Aquellos alumnos que no cumplan este requisito podr&aacute;n recuperar &eacute;l o los ex&aacute;menes desaprobados. Para aprobar la asignatura deber&aacute; rendir un examen final regular. La nota de aprobaci&oacute;n de este examen es de 4 (cuatro).</p>\r\n<ul>\r\n<li>Aprobaci&oacute;n con examen final libre:</li>\r\n</ul>\r\n<p>Con un promedio inferior a 6 (seis) en la notas de las evaluaciones escritas, y en caso de no aprobar el examen recuperatorio, se considerar&aacute; desaprobado el cursado de la asignatura. Para aprobar la materia el alumno deber&aacute; rendir sobre la totalidad del programa, dos instancias de evaluaci&oacute;n. La primera instancia ser&aacute; escrita y dar&aacute; paso, en caso de aprobarse, a la segunda que ser&aacute; oral. Ambas deber&aacute;n ser acreditadas con una nota m&iacute;nima de 4 (cuatro).<strong><em>&nbsp; </em></strong><strong><em>&nbsp;</em></strong></p>','<p><strong>En las 3 horas semanales asignadas a la materia se trabajar&aacute;n los conceptos te&oacute;ricos y su aplicaci&oacute;n pr&aacute;ctica. </strong></p>','<table style=\"border-collapse: collapse; height: 110px; border-color: black; border-style: solid; float: left;\" border=\"1\">\r\n<tbody>\r\n<tr style=\"height: 22px;\">\r\n<th style=\"width: 400.2px; height: 22px;\" colspan=\"5\">Cuatrimestre primero</th>\r\n</tr>\r\n<tr style=\"height: 44px;\">\r\n<th style=\"width: 106px; height: 44px;\">Tiempo <br />/ Unidades</th>\r\n<th style=\"width: 68px; height: 44px;\">Marzo</th>\r\n<th style=\"width: 53px; height: 44px;\">Abril</th>\r\n<th style=\"width: 61px; height: 44px;\">Mayo</th>\r\n<th style=\"width: 57px; height: 44px;\">Junio</th>\r\n</tr>\r\n<tr style=\"height: 22px;\">\r\n<td style=\"width: 106px; height: 22px;\">Unidad 1</td>\r\n<td style=\"width: 68px; height: 22px;\">X</td>\r\n<td style=\"width: 53px; height: 22px;\">x</td>\r\n<td style=\"width: 61px; height: 22px;\">&nbsp;</td>\r\n<td style=\"width: 57px; height: 22px;\">&nbsp;</td>\r\n</tr>\r\n<tr style=\"height: 22px;\">\r\n<td style=\"width: 106px; height: 22px;\">Unidad 2</td>\r\n<td style=\"width: 68px; height: 22px;\">&nbsp;</td>\r\n<td style=\"width: 53px; height: 22px;\">x</td>\r\n<td style=\"width: 61px; height: 22px;\">x</td>\r\n<td style=\"width: 57px; height: 22px;\">\r\n<p>&nbsp;</p>\r\n<p>&nbsp;</p>\r\n</td>\r\n</tr>\r\n<tr>\r\n<td style=\"width: 106px;\">Unidad 3</td>\r\n<td style=\"width: 68px;\">&nbsp;</td>\r\n<td style=\"width: 53px;\">&nbsp;</td>\r\n<td style=\"width: 61px;\">x</td>\r\n<td style=\"width: 57px;\">\r\n<p>x</p>\r\n</td>\r\n</tr>\r\n</tbody>\r\n</table>','<p>No se prev&eacute;n</p>','2019-03-06 23:57:20','2019-03-08 19:35:39',248,48);
/*!40000 ALTER TABLE `programa` ENABLE KEYS */;
UNLOCK TABLES;

--
-- Table structure for table `rol`
--

DROP TABLE IF EXISTS `rol`;
/*!40101 SET @saved_cs_client     = @@character_set_client */;
/*!40101 SET character_set_client = utf8 */;
CREATE TABLE `rol` (
  `id` int(11) NOT NULL AUTO_INCREMENT,
  `rol_nombre` varchar(45) COLLATE utf8_unicode_ci NOT NULL,
  `rol_valor` int(11) NOT NULL,
  PRIMARY KEY (`id`)
) ENGINE=InnoDB AUTO_INCREMENT=9 DEFAULT CHARSET=utf8 COLLATE=utf8_unicode_ci;
/*!40101 SET character_set_client = @saved_cs_client */;

--
-- Dumping data for table `rol`
--

LOCK TABLES `rol` WRITE;
/*!40000 ALTER TABLE `rol` DISABLE KEYS */;
INSERT INTO `rol` VALUES (1,'Usuario',20),(2,'Admin',120),(3,'SuperUsuario',150),(4,'Profesor',40),(5,'Departamento',60),(6,'Adm_academica',80),(7,'Sec_academica',100),(8,'Biblioteca',50);
/*!40000 ALTER TABLE `rol` ENABLE KEYS */;
UNLOCK TABLES;

--
-- Table structure for table `status`
--

DROP TABLE IF EXISTS `status`;
/*!40101 SET @saved_cs_client     = @@character_set_client */;
/*!40101 SET character_set_client = utf8 */;
CREATE TABLE `status` (
  `id` int(11) NOT NULL AUTO_INCREMENT,
  `descripcion` varchar(255) COLLATE utf8_spanish_ci NOT NULL,
  `value` int(3) DEFAULT NULL,
  PRIMARY KEY (`id`)
) ENGINE=InnoDB AUTO_INCREMENT=7 DEFAULT CHARSET=utf8 COLLATE=utf8_spanish_ci;
/*!40101 SET character_set_client = @saved_cs_client */;

--
-- Dumping data for table `status`
--

LOCK TABLES `status` WRITE;
/*!40000 ALTER TABLE `status` DISABLE KEYS */;
INSERT INTO `status` VALUES (1,'Borrador',5),(2,'Departamento',10),(3,'Profesor',7),(4,'Administración Académica',20),(5,'Secretaría Académica',30),(6,'Biblioteca',50);
/*!40000 ALTER TABLE `status` ENABLE KEYS */;
UNLOCK TABLES;

--
-- Table structure for table `tema`
--

DROP TABLE IF EXISTS `tema`;
/*!40101 SET @saved_cs_client     = @@character_set_client */;
/*!40101 SET character_set_client = utf8 */;
CREATE TABLE `tema` (
  `id` int(11) NOT NULL AUTO_INCREMENT,
  `descripcion` varchar(255) COLLATE utf8_spanish_ci NOT NULL,
  `unidad_id` int(11) DEFAULT NULL,
  PRIMARY KEY (`id`),
  KEY `unidadtema` (`unidad_id`),
  CONSTRAINT `unidadtema` FOREIGN KEY (`unidad_id`) REFERENCES `unidad` (`id`) ON DELETE NO ACTION ON UPDATE NO ACTION
) ENGINE=InnoDB DEFAULT CHARSET=utf8 COLLATE=utf8_spanish_ci;
/*!40101 SET character_set_client = @saved_cs_client */;

--
-- Dumping data for table `tema`
--

LOCK TABLES `tema` WRITE;
/*!40000 ALTER TABLE `tema` DISABLE KEYS */;
/*!40000 ALTER TABLE `tema` ENABLE KEYS */;
UNLOCK TABLES;

--
-- Table structure for table `tipo_usuario`
--

DROP TABLE IF EXISTS `tipo_usuario`;
/*!40101 SET @saved_cs_client     = @@character_set_client */;
/*!40101 SET character_set_client = utf8 */;
CREATE TABLE `tipo_usuario` (
  `id` int(11) NOT NULL AUTO_INCREMENT,
  `tipo_usuario_nombre` varchar(45) COLLATE utf8_unicode_ci NOT NULL,
  `tipo_usuario_valor` int(11) NOT NULL,
  PRIMARY KEY (`id`)
) ENGINE=InnoDB AUTO_INCREMENT=3 DEFAULT CHARSET=utf8 COLLATE=utf8_unicode_ci;
/*!40101 SET character_set_client = @saved_cs_client */;

--
-- Dumping data for table `tipo_usuario`
--

LOCK TABLES `tipo_usuario` WRITE;
/*!40000 ALTER TABLE `tipo_usuario` DISABLE KEYS */;
INSERT INTO `tipo_usuario` VALUES (1,'Gratuito',10),(2,'Pago',30);
/*!40000 ALTER TABLE `tipo_usuario` ENABLE KEYS */;
UNLOCK TABLES;

--
-- Table structure for table `unidad`
--

DROP TABLE IF EXISTS `unidad`;
/*!40101 SET @saved_cs_client     = @@character_set_client */;
/*!40101 SET character_set_client = utf8 */;
CREATE TABLE `unidad` (
  `id` int(11) NOT NULL AUTO_INCREMENT,
  `descripcion` varchar(255) COLLATE utf8_spanish_ci NOT NULL,
  `biblio_basica` varchar(255) COLLATE utf8_spanish_ci NOT NULL,
  `biblio_consulta` varchar(255) COLLATE utf8_spanish_ci NOT NULL,
  `crono_tent` date DEFAULT NULL,
  `programa_id` int(11) DEFAULT NULL,
  PRIMARY KEY (`id`),
  KEY `programaunidad` (`programa_id`),
  CONSTRAINT `programaunidad` FOREIGN KEY (`programa_id`) REFERENCES `programa` (`id`) ON DELETE NO ACTION ON UPDATE NO ACTION
) ENGINE=InnoDB DEFAULT CHARSET=utf8 COLLATE=utf8_spanish_ci;
/*!40101 SET character_set_client = @saved_cs_client */;

--
-- Dumping data for table `unidad`
--

LOCK TABLES `unidad` WRITE;
/*!40000 ALTER TABLE `unidad` DISABLE KEYS */;
/*!40000 ALTER TABLE `unidad` ENABLE KEYS */;
UNLOCK TABLES;

--
-- Table structure for table `user`
--

DROP TABLE IF EXISTS `user`;
/*!40101 SET @saved_cs_client     = @@character_set_client */;
/*!40101 SET character_set_client = utf8 */;
CREATE TABLE `user` (
  `id` int(11) NOT NULL AUTO_INCREMENT,
  `username` varchar(255) COLLATE utf8_unicode_ci NOT NULL,
  `auth_key` varchar(32) COLLATE utf8_unicode_ci NOT NULL,
  `password_hash` varchar(255) COLLATE utf8_unicode_ci NOT NULL,
  `password_reset_token` varchar(255) COLLATE utf8_unicode_ci DEFAULT NULL,
  `email` varchar(255) COLLATE utf8_unicode_ci NOT NULL,
  `rol_id` int(11) NOT NULL DEFAULT '1',
  `estado_id` int(11) NOT NULL DEFAULT '1',
  `tipo_usuario_id` int(11) NOT NULL DEFAULT '1',
  `created_at` datetime NOT NULL,
  `updated_at` datetime NOT NULL,
  PRIMARY KEY (`id`)
) ENGINE=InnoDB AUTO_INCREMENT=251 DEFAULT CHARSET=utf8 COLLATE=utf8_unicode_ci;
/*!40101 SET character_set_client = @saved_cs_client */;

--
-- Dumping data for table `user`
--

LOCK TABLES `user` WRITE;
/*!40000 ALTER TABLE `user` DISABLE KEYS */;
INSERT INTO `user` VALUES (1,'11339641','12pemSeqcG-ov-bgrrsQli74vxmmzPOC','$2y$13$IgcMeQHJ0cQtQoTz7MjCL.98Sdhpu7cUx9xGvqqjuzwFmsS6r2CD6',NULL,'prueba@email.com',4,1,1,'2015-01-01 00:00:00','2015-01-01 00:00:00'),(2,'12026150','12pemSeqcG-ov-bgrrsQli74vxmmzPOC','$2y$13$JrkO54HLSN5SDFVL7HOO8.IBMGZ5OPDNc2QhotzzriNIXn6oTHYkS',NULL,'prueba@email.com',4,1,1,'2015-01-01 00:00:00','2015-01-01 00:00:00'),(3,'13848543','12pemSeqcG-ov-bgrrsQli74vxmmzPOC','$2y$13$FwEfHqM51A1Qr8zVAaZZ7eAdP/dL/2jEKCeDQhUrKURHthoxxzVKu',NULL,'prueba@email.com',4,1,1,'2015-01-01 00:00:00','2015-01-01 00:00:00'),(4,'22979165','12pemSeqcG-ov-bgrrsQli74vxmmzPOC','$2y$13$YKe9zfePvuDfZ2hbmdhrZ.eyIiwxskIRUoN8M0og21P8Cus31NJzm',NULL,'prueba@email.com',4,1,1,'2015-01-01 00:00:00','2015-01-01 00:00:00'),(5,'29034335','12pemSeqcG-ov-bgrrsQli74vxmmzPOC','$2y$13$s.jO/iEge4ov.gSrAwq/MeW8m0rplZdpjrZF7ieMpF2IRKkmqZZti',NULL,'prueba@email.com',4,1,1,'2015-01-01 00:00:00','2015-01-01 00:00:00'),(6,'14019059','12pemSeqcG-ov-bgrrsQli74vxmmzPOC','$2y$13$TgM31p9NS3EuYunib4gJF.bNJYmErogme4I90OK48kaS5ltcliOXy',NULL,'prueba@email.com',4,1,1,'2015-01-01 00:00:00','2015-01-01 00:00:00'),(7,'21871268','12pemSeqcG-ov-bgrrsQli74vxmmzPOC','$2y$13$LtnMsi8MNLuqh0q3rHZ.reFwwNOUWq6odBa.gU9vJBGZqDAMJ706i',NULL,'prueba@email.com',4,1,1,'2015-01-01 00:00:00','2015-01-01 00:00:00'),(8,'16910054','12pemSeqcG-ov-bgrrsQli74vxmmzPOC','$2y$13$GB039TxGvc7SVDtWmaPvGOJ4U4V/onXpw/YLuugsgpEXO5j3.L3Qy',NULL,'prueba@email.com',4,1,1,'2015-01-01 00:00:00','2015-01-01 00:00:00'),(9,'27180122','12pemSeqcG-ov-bgrrsQli74vxmmzPOC','$2y$13$g27OioIFC8VAJmUn5m9i2eLaBgQJyT7IAD7AFvWbJXKlyZ1m7XLxS',NULL,'prueba@email.com',4,1,1,'2015-01-01 00:00:00','2015-01-01 00:00:00'),(10,'20750409','12pemSeqcG-ov-bgrrsQli74vxmmzPOC','$2y$13$jaX9w3BMyAqWzKuLodhEMO0c882DUDRBI/i4/kkJorlqSGYdOnV/i',NULL,'prueba@email.com',4,1,1,'2015-01-01 00:00:00','2015-01-01 00:00:00'),(11,'14365764','12pemSeqcG-ov-bgrrsQli74vxmmzPOC','$2y$13$sPLjJV1sH.HOBLeFT51kAOq9C6KVoPnErD/KNEplfk0RhMjRpclAi',NULL,'prueba@email.com',4,1,1,'2015-01-01 00:00:00','2015-01-01 00:00:00'),(12,'17475349','12pemSeqcG-ov-bgrrsQli74vxmmzPOC','$2y$13$T7iJrExrHSYR6OsNr/.iQu1sal4h.X5pb1Qr8eR7hjy.biJ1F0sNm',NULL,'prueba@email.com',4,1,1,'2015-01-01 00:00:00','2015-01-01 00:00:00'),(13,'12345102','12pemSeqcG-ov-bgrrsQli74vxmmzPOC','$2y$13$g38iGJTVRY4MQilP424IGu3AOXUBPyppb0UMcWTctLRomgjEnqAty',NULL,'prueba@email.com',4,1,1,'2015-01-01 00:00:00','2015-01-01 00:00:00'),(14,'30823666','12pemSeqcG-ov-bgrrsQli74vxmmzPOC','$2y$13$yAkxFi77TtMF60aAR/LTe.D3Z7g7SrGv2nQ26CSfWHDh.U45MZRfG',NULL,'prueba@email.com',4,1,1,'2015-01-01 00:00:00','2015-01-01 00:00:00'),(15,'5763729','12pemSeqcG-ov-bgrrsQli74vxmmzPOC','$2y$13$/acoxDKqipPa.GhSSqHdYOG9wJRDDwRpYjP.picrbkIJt2QQzr7bG',NULL,'prueba@email.com',4,1,1,'2015-01-01 00:00:00','2015-01-01 00:00:00'),(16,'24876391','12pemSeqcG-ov-bgrrsQli74vxmmzPOC','$2y$13$6vlDYJBrDke64zddJ/hi1OCJF7j.hz03mgRMxiK7lGlVdwNF5muWi',NULL,'prueba@email.com',4,1,1,'2015-01-01 00:00:00','2015-01-01 00:00:00'),(17,'13823650','12pemSeqcG-ov-bgrrsQli74vxmmzPOC','$2y$13$CuYHDNlOVdB5LTRMdqWuFebvXnWQHS7Kz.pYnNCwNMc3MX94gfGSm',NULL,'prueba@email.com',4,1,1,'2015-01-01 00:00:00','2015-01-01 00:00:00'),(18,'29034252','12pemSeqcG-ov-bgrrsQli74vxmmzPOC','$2y$13$sHnsUp8F.HoD9CRNJ6Eub.9IHUn4s8F/uj.3lIeT1B.9rZQ9dAqZO',NULL,'prueba@email.com',4,1,1,'2015-01-01 00:00:00','2015-01-01 00:00:00'),(19,'27407160','12pemSeqcG-ov-bgrrsQli74vxmmzPOC','$2y$13$N17T/PFbrENCf2vmVt7.MOVc1DKRhGYx346o9yA49RdrAKUhlTG6e',NULL,'prueba@email.com',4,1,1,'2015-01-01 00:00:00','2015-01-01 00:00:00'),(20,'23130766','12pemSeqcG-ov-bgrrsQli74vxmmzPOC','$2y$13$kacpxGoGKlEoIUnGX89NCekgswO10.LEW/kfvOWHvUi9CcgmQ.nUq',NULL,'prueba@email.com',4,1,1,'2015-01-01 00:00:00','2015-01-01 00:00:00'),(21,'21865196','12pemSeqcG-ov-bgrrsQli74vxmmzPOC','$2y$13$6ftMv1YlQuSRPacSbgc54uDMaiz.mRuAPV6Z2tVSBXgl.mNGE29W2',NULL,'prueba@email.com',4,1,1,'2015-01-01 00:00:00','2015-01-01 00:00:00'),(22,'24134585','12pemSeqcG-ov-bgrrsQli74vxmmzPOC','$2y$13$V2TFYzviaACA5BiknJJeVO1x5ReuOKhybKCFPLHcK0N2Vwy2T.qSq',NULL,'prueba@email.com',4,1,1,'2015-01-01 00:00:00','2015-01-01 00:00:00'),(23,'26842098','12pemSeqcG-ov-bgrrsQli74vxmmzPOC','$2y$13$Cea0wBV8w56eCLtVEke/buYXs.WlnLW8r.jII5KQ5c1ddmhF1c7Pq',NULL,'prueba@email.com',4,1,1,'2015-01-01 00:00:00','2015-01-01 00:00:00'),(24,'25444440','12pemSeqcG-ov-bgrrsQli74vxmmzPOC','$2y$13$a55SsiZ5yvqI5txoJs9AC.t4Ngm/URH50x2vgXwNQmW.irKxHxZX.',NULL,'prueba@email.com',4,1,1,'2015-01-01 00:00:00','2015-01-01 00:00:00'),(25,'28616030','12pemSeqcG-ov-bgrrsQli74vxmmzPOC','$2y$13$KSmlqGuCk8Q8I/VqFEnlhOrvkkgqLOwHxxt0XTAnDUsm0mGEt/ZZy',NULL,'prueba@email.com',4,1,1,'2015-01-01 00:00:00','2015-01-01 00:00:00'),(26,'23069977','12pemSeqcG-ov-bgrrsQli74vxmmzPOC','$2y$13$W/lZASKL/cAgEb8xsw/PAORYyGIpCeM7SnySE3QfwUaePnzpeg5EO',NULL,'prueba@email.com',4,1,1,'2015-01-01 00:00:00','2015-01-01 00:00:00'),(27,'13302704','12pemSeqcG-ov-bgrrsQli74vxmmzPOC','$2y$13$PN7is.Ej9iXxbqLoZae2EOIhvHgNunuR3LqK.zDGktMzrb9rqH1ba',NULL,'prueba@email.com',4,1,1,'2015-01-01 00:00:00','2015-01-01 00:00:00'),(28,'24925181','12pemSeqcG-ov-bgrrsQli74vxmmzPOC','$2y$13$YLKZSh5T8s.S4l.TzYK1uOTw093eiIVaCOKAYBJjJosDccw6SexPi',NULL,'prueba@email.com',4,1,1,'2015-01-01 00:00:00','2015-01-01 00:00:00'),(29,'28009945','12pemSeqcG-ov-bgrrsQli74vxmmzPOC','$2y$13$HPTRmHcVePo3Y0N35vU5xObcCVqWv/EVIB/8gM4A1YJCT2D/Ek5Qe',NULL,'prueba@email.com',4,1,1,'2015-01-01 00:00:00','2015-01-01 00:00:00'),(30,'12839987','12pemSeqcG-ov-bgrrsQli74vxmmzPOC','$2y$13$LF/5WvHYr8HgL7q1X/w8iOuJRU.1ghWU8Izluk00j3wL1IXXZLPoW',NULL,'prueba@email.com',4,1,1,'2015-01-01 00:00:00','2015-01-01 00:00:00'),(31,'21739211','12pemSeqcG-ov-bgrrsQli74vxmmzPOC','$2y$13$1GLHCDE9TmPGJ5gQtcpaheB89SYIs68gL4rTqRp.VB0OeemQ9jZ7u',NULL,'prueba@email.com',4,1,1,'2015-01-01 00:00:00','2015-01-01 00:00:00'),(32,'13477369','12pemSeqcG-ov-bgrrsQli74vxmmzPOC','$2y$13$/cGmMLl2h2zJuZXE9Tf34eh5yeZn4qcI1W5kd1GCbXY4Y565bjn4m',NULL,'prueba@email.com',4,1,1,'2015-01-01 00:00:00','2015-01-01 00:00:00'),(33,'5894238','12pemSeqcG-ov-bgrrsQli74vxmmzPOC','$2y$13$91Y95AdAGt9orJ8dwJi8P.cuU6dtPBKIDuXiYCU3UU9qPWwsfg2Ju',NULL,'prueba@email.com',4,1,1,'2015-01-01 00:00:00','2015-01-01 00:00:00'),(34,'12971669','12pemSeqcG-ov-bgrrsQli74vxmmzPOC','$2y$13$p1hQXsOhbpWunma9lRIzc.hFMA2oHlRl.Ryz48Tolx44lTcZ8Mp.6',NULL,'prueba@email.com',4,1,1,'2015-01-01 00:00:00','2015-01-01 00:00:00'),(35,'17594241','12pemSeqcG-ov-bgrrsQli74vxmmzPOC','$2y$13$GZcJ/h5Mcakh3iDyoOOVwOYomtIg6/xbnrtTkMBiUftmfgGVprZwC',NULL,'prueba@email.com',4,1,1,'2015-01-01 00:00:00','2015-01-01 00:00:00'),(36,'12634990','12pemSeqcG-ov-bgrrsQli74vxmmzPOC','$2y$13$7h/pC/pYbtVgEW9PyvAHRuBfVuhmnVGVEACTtHC8A6HlZ7OcjSbIy',NULL,'prueba@email.com',4,1,1,'2015-01-01 00:00:00','2015-01-01 00:00:00'),(37,'22979019','12pemSeqcG-ov-bgrrsQli74vxmmzPOC','$2y$13$y88iAyaAStoQ03bD.hIbT.XB3gPTnYbNC.EBainjzi89dgvPP.e6i',NULL,'prueba@email.com',4,1,1,'2015-01-01 00:00:00','2015-01-01 00:00:00'),(38,'12740510','12pemSeqcG-ov-bgrrsQli74vxmmzPOC','$2y$13$QT6oJiJFqCr72eoDZP0C6.8GYSaNDjb4fk3leV/tf0BpDYlSeGuqe',NULL,'prueba@email.com',4,1,1,'2015-01-01 00:00:00','2015-01-01 00:00:00'),(39,'18007439','12pemSeqcG-ov-bgrrsQli74vxmmzPOC','$2y$13$tHs88SjsycjFNw.p8hhuO.G1qiaaeXgG3nlLTxVKfmYlqD7kjKarm',NULL,'prueba@email.com',4,1,1,'2015-01-01 00:00:00','2015-01-01 00:00:00'),(40,'24134688','12pemSeqcG-ov-bgrrsQli74vxmmzPOC','$2y$13$nXUMZpfVYfhnUjhfv/Q2guyiHeWkw2orbl3ElbPaIJ9J2ho7AwX6a',NULL,'prueba@email.com',4,1,1,'2015-01-01 00:00:00','2015-01-01 00:00:00'),(41,'7695074','12pemSeqcG-ov-bgrrsQli74vxmmzPOC','$2y$13$7b3kEoLZ/QU4FETxauqQmOOED5SlNKOXtOsnOlOkibg36ByFIaQfO',NULL,'prueba@email.com',4,1,1,'2015-01-01 00:00:00','2015-01-01 00:00:00'),(42,'24876359','12pemSeqcG-ov-bgrrsQli74vxmmzPOC','$2y$13$M7pB.ozmRpJmUnA7RnLhC.bgBCCxEn8ZnkcuCE66WjuCFcBva.SnG',NULL,'prueba@email.com',4,1,1,'2015-01-01 00:00:00','2015-01-01 00:00:00'),(43,'20795626','12pemSeqcG-ov-bgrrsQli74vxmmzPOC','$2y$13$yexQBiwFJ3fY0zhjI2o.5Oo21NXploM7DdkCFBlKkGZu9ag6qkGyi',NULL,'prueba@email.com',5,1,1,'2015-01-01 00:00:00','2019-02-28 21:20:55'),(44,'12021527','12pemSeqcG-ov-bgrrsQli74vxmmzPOC','$2y$13$Pd.zVf/QoCcU9l7knhj/celmJ/eu9SXii4Aoswm4vRWdzA0kgbG6q',NULL,'prueba@email.com',4,1,1,'2015-01-01 00:00:00','2015-01-01 00:00:00'),(45,'28414821','12pemSeqcG-ov-bgrrsQli74vxmmzPOC','$2y$13$LphbNYuVPKsnYInfRTm2G.eCJcaiZh6Tjq1IZiAn7K8tDH8kBawYO',NULL,'prueba@email.com',4,1,1,'2015-01-01 00:00:00','2015-01-01 00:00:00'),(46,'26264610','12pemSeqcG-ov-bgrrsQli74vxmmzPOC','$2y$13$vZ9HQBatAECSQHH5JPw74efO2pgq1klv43pNvCTPur8G2Y6xXyMkW',NULL,'prueba@email.com',4,1,1,'2015-01-01 00:00:00','2015-01-01 00:00:00'),(47,'27015103','12pemSeqcG-ov-bgrrsQli74vxmmzPOC','$2y$13$s90Gz.5oak4uMbCr8o2OruL.TrK3DQHHl.53ufyOXTuOT8HKwL5uK',NULL,'prueba@email.com',4,1,1,'2015-01-01 00:00:00','2015-01-01 00:00:00'),(48,'37672803','12pemSeqcG-ov-bgrrsQli74vxmmzPOC','$2y$13$sRpY/UhwYWtMpKYA9MhNuuQa3w60kpMAml3xKj63NL8E252fTe4kO',NULL,'prueba@email.com',4,1,1,'2015-01-01 00:00:00','2019-03-08 19:35:50'),(49,'18578875','12pemSeqcG-ov-bgrrsQli74vxmmzPOC','$2y$13$jeBivi05y97/oPx14lHDwOAm3TScEknGZ4c3sAaM86tfJ/JG3U0qK',NULL,'prueba@email.com',4,1,1,'2015-01-01 00:00:00','2015-01-01 00:00:00'),(50,'24698955','12pemSeqcG-ov-bgrrsQli74vxmmzPOC','$2y$13$XWEkTmIqNzlJ4TYI30Y.8.a.Cd7D1qK33L/F9QzqMmCR/tkMfihh6',NULL,'prueba@email.com',4,1,1,'2015-01-01 00:00:00','2015-01-01 00:00:00'),(51,'12768127','12pemSeqcG-ov-bgrrsQli74vxmmzPOC','$2y$13$oNGraikeCrsV2n3V3fZehuoX1GX6xEt1t598dkspbOF6CkOLc2Q6e',NULL,'prueba@email.com',4,1,1,'2015-01-01 00:00:00','2015-01-01 00:00:00'),(52,'20173488','12pemSeqcG-ov-bgrrsQli74vxmmzPOC','$2y$13$haCPKkJiRQohEdwwRPpfduayJOOIr2nNX4F3Cizm5N1GvZNReSzHC',NULL,'prueba@email.com',4,1,1,'2015-01-01 00:00:00','2015-01-01 00:00:00'),(53,'17536384','12pemSeqcG-ov-bgrrsQli74vxmmzPOC','$2y$13$H3d46L8ZKugwGP8hMUwGN.FonbCVUO2cmZsBA2LCn3bza5XP4KKza',NULL,'prueba@email.com',4,1,1,'2015-01-01 00:00:00','2015-01-01 00:00:00'),(54,'13723932','12pemSeqcG-ov-bgrrsQli74vxmmzPOC','$2y$13$8UiCTaicP/0vdB1cLj5.K.NlJa/udUOcNrLhzxTI2m/llx0/fM/fC',NULL,'prueba@email.com',4,1,1,'2015-01-01 00:00:00','2015-01-01 00:00:00'),(55,'32538264','12pemSeqcG-ov-bgrrsQli74vxmmzPOC','$2y$13$d/0D9v1l6bISxqzeFy6.aOaYAkF.Do91IOGYPSLeKjwKdGAHPDHl.',NULL,'prueba@email.com',4,1,1,'2015-01-01 00:00:00','2015-01-01 00:00:00'),(56,'24650587','12pemSeqcG-ov-bgrrsQli74vxmmzPOC','$2y$13$fxysIIchWFbCllAAAlh6W.F6YUbnp1pXIPZxwku06C6rEWOy9Tq/C',NULL,'prueba@email.com',4,1,1,'2015-01-01 00:00:00','2015-01-01 00:00:00'),(57,'29040280','12pemSeqcG-ov-bgrrsQli74vxmmzPOC','$2y$13$3HkVaHFO4pDlpkbRX58Kg.Ojs7SODmjXoevfAgE0KuWQABqtOZmrC',NULL,'prueba@email.com',4,1,1,'2015-01-01 00:00:00','2015-01-01 00:00:00'),(58,'32586477','12pemSeqcG-ov-bgrrsQli74vxmmzPOC','$2y$13$zmalkvupTMlhxP7qLjGJ3uTvk/hdteKOZdnorN3/cKeB/ABnvTbSW',NULL,'prueba@email.com',4,1,1,'2015-01-01 00:00:00','2015-01-01 00:00:00'),(59,'10381116','12pemSeqcG-ov-bgrrsQli74vxmmzPOC','$2y$13$eT13ZCRjUsOFN8RoTRH0o.HwrNWZVF4.RhesofNG9oQWxehjdT83a',NULL,'prueba@email.com',4,1,1,'2015-01-01 00:00:00','2015-01-01 00:00:00'),(60,'29508904','12pemSeqcG-ov-bgrrsQli74vxmmzPOC','$2y$13$TGEa6LOV34GbLsELbz0zTu5DiAP0UqB1JAFnR8gGbmMfqcRRSDvf6',NULL,'prueba@email.com',4,1,1,'2015-01-01 00:00:00','2015-01-01 00:00:00'),(61,'21451550','12pemSeqcG-ov-bgrrsQli74vxmmzPOC','$2y$13$kn0qe.r0Hw19X62P2w3xruOoVouXi7fd/JnWnk0wA.jJ.nBI8yR36',NULL,'prueba@email.com',4,1,1,'2015-01-01 00:00:00','2015-01-01 00:00:00'),(62,'39436150','12pemSeqcG-ov-bgrrsQli74vxmmzPOC','$2y$13$Zf8u.qmzY0uJPRpMTiDFhuACQwLQeEQh3CpNsLqH/R.GXOb9oZTk.',NULL,'prueba@email.com',4,1,1,'2015-01-01 00:00:00','2015-01-01 00:00:00'),(63,'32794767','12pemSeqcG-ov-bgrrsQli74vxmmzPOC','$2y$13$/lx5lRAcuG1ZEuPxTA4e0ejzg3ShAiX0xmNbkd4BDLgyuQYX1bXuC',NULL,'prueba@email.com',4,1,1,'2015-01-01 00:00:00','2015-01-01 00:00:00'),(64,'28083999','12pemSeqcG-ov-bgrrsQli74vxmmzPOC','$2y$13$MZpAD69IonW5OE.bpZao6.WUdwOGYJEMMDC4Vl2R8sevDkajSCqmO',NULL,'prueba@email.com',4,1,1,'2015-01-01 00:00:00','2015-01-01 00:00:00'),(65,'28634018','12pemSeqcG-ov-bgrrsQli74vxmmzPOC','$2y$13$hBGU3rTEuYYtQZLdIkyiA.LpH9ObxgULGnfjCALjGzkFscv393.Wa',NULL,'prueba@email.com',4,1,1,'2015-01-01 00:00:00','2015-01-01 00:00:00'),(66,'23638735','12pemSeqcG-ov-bgrrsQli74vxmmzPOC','$2y$13$xATCov2dy6qYpVxQa/SbnOqSA78Rmxuye9hLXneg.M.0hc82j755y',NULL,'prueba@email.com',4,1,1,'2015-01-01 00:00:00','2015-01-01 00:00:00'),(67,'26648970','12pemSeqcG-ov-bgrrsQli74vxmmzPOC','$2y$13$cYlia37jdij7ksgb1sIx.uYb710fDZ4VMcMJ4mhn.kJHHjszdi96G',NULL,'prueba@email.com',4,1,1,'2015-01-01 00:00:00','2015-01-01 00:00:00'),(68,'26685942','12pemSeqcG-ov-bgrrsQli74vxmmzPOC','$2y$13$GT5qiui8xcI/JnTL/WsD1.j6rOM3UVRKe0yE9y32mo74JKIpIYV7u',NULL,'prueba@email.com',4,1,1,'2015-01-01 00:00:00','2015-01-01 00:00:00'),(69,'33530222','12pemSeqcG-ov-bgrrsQli74vxmmzPOC','$2y$13$4nJA/Sgu1n7M2ORsFPaV5uFrXp7muDO9ab6IzxVGVavKHZkYUviPW',NULL,'prueba@email.com',4,1,1,'2015-01-01 00:00:00','2015-01-01 00:00:00'),(70,'31929581','12pemSeqcG-ov-bgrrsQli74vxmmzPOC','$2y$13$N1xPJJO5fxbwMXvMrSv.1.KYMrUyDF9wORn2WE/48LWWtP.oDFVoG',NULL,'prueba@email.com',4,1,1,'2015-01-01 00:00:00','2015-01-01 00:00:00'),(71,'21548725','12pemSeqcG-ov-bgrrsQli74vxmmzPOC','$2y$13$HeyUlp5/qo6hR.CoLSjnyeUfj9qN5XYWmoGfl8WhQCnJ808rg54aC',NULL,'prueba@email.com',4,1,1,'2015-01-01 00:00:00','2015-01-01 00:00:00'),(72,'17493469','12pemSeqcG-ov-bgrrsQli74vxmmzPOC','$2y$13$5ooB9BHe3kUTYZEcvLvC9.yReRCNXRsCYqi0InOtR/ixJFodtt6IC',NULL,'prueba@email.com',4,1,1,'2015-01-01 00:00:00','2015-01-01 00:00:00'),(73,'16070066','12pemSeqcG-ov-bgrrsQli74vxmmzPOC','$2y$13$qJOnbYBpSFRUfaM.uPThUO4nQ/9OyKbB7oefU/yPJrv7zO7cs4zFG',NULL,'prueba@email.com',4,1,1,'2015-01-01 00:00:00','2015-01-01 00:00:00'),(74,'25929191','12pemSeqcG-ov-bgrrsQli74vxmmzPOC','$2y$13$KtF7iQO4X0S.VHBO/jS.0.WKKf5kJf02DQY5vfClPmwDAq89Nzb1.',NULL,'prueba@email.com',4,1,1,'2015-01-01 00:00:00','2015-01-01 00:00:00'),(75,'26189220','12pemSeqcG-ov-bgrrsQli74vxmmzPOC','$2y$13$ryfMAAZ3Q34usne4tW8NCOizMO6xSKbIIjB4VioaLT6httkwmIjtG',NULL,'prueba@email.com',4,1,1,'2015-01-01 00:00:00','2015-01-01 00:00:00'),(76,'21808439','12pemSeqcG-ov-bgrrsQli74vxmmzPOC','$2y$13$o5P8pOz.e4CLRok4173XGOEZpYi36WsMy6Xu.DwzEAGy/bSsbDpaG',NULL,'prueba@email.com',4,1,1,'2015-01-01 00:00:00','2015-01-01 00:00:00'),(77,'26080751','12pemSeqcG-ov-bgrrsQli74vxmmzPOC','$2y$13$hmN87XNXusBwT4zEpO6.BeOVBOshHDB3.yELyZ/ps9oM/E55XzMAu',NULL,'prueba@email.com',4,1,1,'2015-01-01 00:00:00','2015-01-01 00:00:00'),(78,'25827657','12pemSeqcG-ov-bgrrsQli74vxmmzPOC','$2y$13$SekeFkGUQzn2qPLXq8wa4u/FUkB6f2qkFioNflDXXCnKMNhnyJUXq',NULL,'prueba@email.com',4,1,1,'2015-01-01 00:00:00','2015-01-01 00:00:00'),(79,'12570407','12pemSeqcG-ov-bgrrsQli74vxmmzPOC','$2y$13$iVjlnSDG4TPC0HEZPRFUqu73yXoJpZMDAOfQg31Cpfq77GErnSNCe',NULL,'prueba@email.com',4,1,1,'2015-01-01 00:00:00','2015-01-01 00:00:00'),(80,'11314517','12pemSeqcG-ov-bgrrsQli74vxmmzPOC','$2y$13$DE3ip6xfT7b2HmRNWLusgOvG2wxQ7HrAdlm2.hTQWTVYZBl6yis0S',NULL,'prueba@email.com',4,1,1,'2015-01-01 00:00:00','2015-01-01 00:00:00'),(81,'6414484','12pemSeqcG-ov-bgrrsQli74vxmmzPOC','$2y$13$ijPN/GQ9CSey1OUHLG5cr.Lci6Q5PjwKapyLlk9T8a.LTelCiHesC',NULL,'prueba@email.com',4,1,1,'2015-01-01 00:00:00','2015-01-01 00:00:00'),(82,'18742022','12pemSeqcG-ov-bgrrsQli74vxmmzPOC','$2y$13$oZUttUWXzb2OPIvwpprpZu5SqhN6v70WmZuPbxKilFfedQZTJql/.',NULL,'prueba@email.com',4,1,1,'2015-01-01 00:00:00','2015-01-01 00:00:00'),(83,'33245039','12pemSeqcG-ov-bgrrsQli74vxmmzPOC','$2y$13$WbRUQCaXLuypKmds9LK/fOOEkXCLQ2w8IRUUbKK.jGRYeIi5X3foW',NULL,'prueba@email.com',4,1,1,'2015-01-01 00:00:00','2015-01-01 00:00:00'),(84,'29898270','12pemSeqcG-ov-bgrrsQli74vxmmzPOC','$2y$13$4pA2sSQxmn7TzHpqTI.8wuGqWe1q4.4MjlyCBvveKVXvgRhDXjw3e',NULL,'prueba@email.com',4,1,1,'2015-01-01 00:00:00','2015-01-01 00:00:00'),(85,'26586912','12pemSeqcG-ov-bgrrsQli74vxmmzPOC','$2y$13$o1lapCSPg836cluTwr6euu9Ijw6cJmT/XFmxaf2lfEIfhlTCfVmju',NULL,'prueba@email.com',4,1,1,'2015-01-01 00:00:00','2015-01-01 00:00:00'),(86,'32709712','12pemSeqcG-ov-bgrrsQli74vxmmzPOC','$2y$13$ds2gDWiKC34saOJcKdxf4.OoOLvVBWJnpQP7QXf2kKGR6vyCw1Ah.',NULL,'prueba@email.com',4,1,1,'2015-01-01 00:00:00','2015-01-01 00:00:00'),(87,'23800590','12pemSeqcG-ov-bgrrsQli74vxmmzPOC','$2y$13$IslKz0wQWut8kGu9Rjxf0.eEaYsM6Z3ACxh7t8MMCjNn2oDh4.MKm',NULL,'prueba@email.com',4,1,1,'2015-01-01 00:00:00','2015-01-01 00:00:00'),(88,'32577607','12pemSeqcG-ov-bgrrsQli74vxmmzPOC','$2y$13$VElhR89WibaZm0g/2mYyO.Py8aa..dNbGYw408lfjuMlzYUKLCfoS',NULL,'prueba@email.com',4,1,1,'2015-01-01 00:00:00','2015-01-01 00:00:00'),(89,'22378837','12pemSeqcG-ov-bgrrsQli74vxmmzPOC','$2y$13$DwBxgsDK4qG8ZvfEUJfbxe6HEWQ66/7e6YrZDm0SzanWRxJTMsM6q',NULL,'prueba@email.com',4,1,1,'2015-01-01 00:00:00','2015-01-01 00:00:00'),(90,'11776752','12pemSeqcG-ov-bgrrsQli74vxmmzPOC','$2y$13$MT4FQl3LE2BKMqEzLQGfseW2.XEVfHY2hxxfnma6Rf.JOjiAK.Yha',NULL,'prueba@email.com',4,1,1,'2015-01-01 00:00:00','2015-01-01 00:00:00'),(91,'23735863','12pemSeqcG-ov-bgrrsQli74vxmmzPOC','$2y$13$nnRtTCIy.XE3U1U0gcy0mujpVOta9/ZAyGhxikqMuDLNjtZ291mme',NULL,'prueba@email.com',4,1,1,'2015-01-01 00:00:00','2015-01-01 00:00:00'),(92,'18800726','12pemSeqcG-ov-bgrrsQli74vxmmzPOC','$2y$13$Ek.BnNfNqaimJr6cdC.WGu2yXtDrZImgeH1W2zbVDC2.8hociKNcW',NULL,'prueba@email.com',4,1,1,'2015-01-01 00:00:00','2015-01-01 00:00:00'),(93,'24656560','12pemSeqcG-ov-bgrrsQli74vxmmzPOC','$2y$13$v.Lj15ajqkxDOn7zcKmUx.FgmFBvqZgQyxQvrO6QPH8OIJc8yZCK2',NULL,'prueba@email.com',4,1,1,'2015-01-01 00:00:00','2015-01-01 00:00:00'),(94,'16180308','12pemSeqcG-ov-bgrrsQli74vxmmzPOC','$2y$13$Ea6n.nwQ1Y1fpVGq/pcIsemO3bF0mRcCi6cxKNOzk2PiVnZShT3zO',NULL,'prueba@email.com',4,1,1,'2015-01-01 00:00:00','2015-01-01 00:00:00'),(95,'16692971','12pemSeqcG-ov-bgrrsQli74vxmmzPOC','$2y$13$R9pcCHEjarCP08FHfc/snOCY5X9AIynDE00RE6V25uck8XqqcQayi',NULL,'prueba@email.com',4,1,1,'2015-01-01 00:00:00','2015-01-01 00:00:00'),(96,'23638754','12pemSeqcG-ov-bgrrsQli74vxmmzPOC','$2y$13$gyTwPmaL6bSl4iOh11YJJu6NqADLAHqXQjINlXkq/jIQJ8mqwDYhK',NULL,'prueba@email.com',4,1,1,'2015-01-01 00:00:00','2015-01-01 00:00:00'),(97,'24187609','12pemSeqcG-ov-bgrrsQli74vxmmzPOC','$2y$13$ZXj4nIseQJgCPcLdPB8o8OCAYY/7q44BWvrJCfvYTpzAOH2u2xo3m',NULL,'prueba@email.com',4,1,1,'2015-01-01 00:00:00','2015-01-01 00:00:00'),(98,'24889588','12pemSeqcG-ov-bgrrsQli74vxmmzPOC','$2y$13$eEcNBKsShWL5zZw4LVv.0uOaReITzW047d1O1pEidrU0g6CB5VVeS',NULL,'prueba@email.com',4,1,1,'2015-01-01 00:00:00','2015-01-01 00:00:00'),(99,'14926818','12pemSeqcG-ov-bgrrsQli74vxmmzPOC','$2y$13$iCi/ry.5veESBjZGjHZrp.NdN8xlktIPxL.8Dk4JruNYm14sFo./2',NULL,'prueba@email.com',4,1,1,'2015-01-01 00:00:00','2015-01-01 00:00:00'),(100,'14256900','12pemSeqcG-ov-bgrrsQli74vxmmzPOC','$2y$13$aVbrDMyZB7hgQuRhrf8Ed.9WzsBjGxU/WyOnX/2I60j09e8OPawYi',NULL,'prueba@email.com',4,1,1,'2015-01-01 00:00:00','2015-01-01 00:00:00'),(101,'16504569','12pemSeqcG-ov-bgrrsQli74vxmmzPOC','$2y$13$oxNcchSkdUbUZJXWTHmgk.DozkB3AOWYmH124sb1LvdNFhvBtTmRK',NULL,'prueba@email.com',4,1,1,'2015-01-01 00:00:00','2015-01-01 00:00:00'),(102,'17135906','12pemSeqcG-ov-bgrrsQli74vxmmzPOC','$2y$13$c.6hH11evHaGlec3eNX3Eumrxj5zKsV7u7O1Qxxhtg7y1w3wqNltO',NULL,'prueba@email.com',4,1,1,'2015-01-01 00:00:00','2015-01-01 00:00:00'),(103,'22641736','12pemSeqcG-ov-bgrrsQli74vxmmzPOC','$2y$13$dcY7IaJQvWs7DZuw.Vs32.QaQUj.YIPL27ZzKHaacbkxnKqq0axdu',NULL,'prueba@email.com',4,1,1,'2015-01-01 00:00:00','2015-01-01 00:00:00'),(104,'23797418','12pemSeqcG-ov-bgrrsQli74vxmmzPOC','$2y$13$0FbfWVb9GbJLDjfETUXajuP/6.rZttXjk.ORe1nF.uzq6Ox/8GeFq',NULL,'prueba@email.com',4,1,1,'2015-01-01 00:00:00','2015-01-01 00:00:00'),(105,'22124806','12pemSeqcG-ov-bgrrsQli74vxmmzPOC','$2y$13$PSqj1x11laWqDc/0TSNrAesGYGWUcRz126T1mwnnh67gkfrHVUZpi',NULL,'prueba@email.com',4,1,1,'2015-01-01 00:00:00','2015-01-01 00:00:00'),(106,'13477177','12pemSeqcG-ov-bgrrsQli74vxmmzPOC','$2y$13$0GGOXPH1AigaUFTlupy2oeNJQEgYhWdTqdTzHNpOryqrDNPi5ECQG',NULL,'prueba@email.com',4,1,1,'2015-01-01 00:00:00','2015-01-01 00:00:00'),(107,'16229505','12pemSeqcG-ov-bgrrsQli74vxmmzPOC','$2y$13$jP.6G9i.pwAJkzcZbwamsOBvpz9w7wvkLh.TKjJOgdD/frfcEnLoK',NULL,'prueba@email.com',4,1,1,'2015-01-01 00:00:00','2015-01-01 00:00:00'),(108,'12154189','12pemSeqcG-ov-bgrrsQli74vxmmzPOC','$2y$13$mIDTw8ojbARiiiP.QLcGE.jteO0kSmjSJJHQ7mrERvu7KpYgyKid2',NULL,'prueba@email.com',4,1,1,'2015-01-01 00:00:00','2015-01-01 00:00:00'),(109,'24134661','12pemSeqcG-ov-bgrrsQli74vxmmzPOC','$2y$13$nIT4y.5s64DEWQa3nSt2J.lPsStxAHDWgryUgx2d25kUR6UzbErd6',NULL,'prueba@email.com',4,1,1,'2015-01-01 00:00:00','2015-01-01 00:00:00'),(110,'18821054','12pemSeqcG-ov-bgrrsQli74vxmmzPOC','$2y$13$9gRi5T3a9Q72gCapRQnimO.ByUTHWhsn/mta4d5IMiBVbf1F24YmS',NULL,'prueba@email.com',4,1,1,'2015-01-01 00:00:00','2015-01-01 00:00:00'),(111,'17135876','12pemSeqcG-ov-bgrrsQli74vxmmzPOC','$2y$13$colEQ.7k19IinuXJ5u9Vwe3W6gSB/nedNjI.3SQ5tfGwStZQuFsB.',NULL,'prueba@email.com',4,1,1,'2015-01-01 00:00:00','2015-01-01 00:00:00'),(112,'17989621','12pemSeqcG-ov-bgrrsQli74vxmmzPOC','$2y$13$aV.hwzDPFNOWHU/qmc6BBe6eIncKLCPElSjMyHJ5q/hLtb18qH.XC',NULL,'prueba@email.com',4,1,1,'2015-01-01 00:00:00','2015-01-01 00:00:00'),(113,'17540627','12pemSeqcG-ov-bgrrsQli74vxmmzPOC','$2y$13$UxEWS4BOZR10iGi3T9UkzO3Xx3VVBqwia4R.ZbawXtylOXPKm9yJO',NULL,'prueba@email.com',4,1,1,'2015-01-01 00:00:00','2015-01-01 00:00:00'),(114,'31496048','12pemSeqcG-ov-bgrrsQli74vxmmzPOC','$2y$13$aBsUVLkrjl26vCi/nUYeRekyB0isBg9dmNMEXJ0fi3wdkOVuGCQLa',NULL,'prueba@email.com',4,1,1,'2015-01-01 00:00:00','2015-01-01 00:00:00'),(115,'17135824','12pemSeqcG-ov-bgrrsQli74vxmmzPOC','$2y$13$0BpqQbp7t5aJ.0lh1e56W.NEJ3vKYEeEFLpnW0zhOO5WM7D6FIyR2',NULL,'prueba@email.com',4,1,1,'2015-01-01 00:00:00','2015-01-01 00:00:00'),(116,'14979777','12pemSeqcG-ov-bgrrsQli74vxmmzPOC','$2y$13$nLNV0FIsywrWcFa4Dgdd3O2tz4QC3aDpPOix.GXvNI38QfADTGUp.',NULL,'prueba@email.com',4,1,1,'2015-01-01 00:00:00','2015-01-01 00:00:00'),(117,'11775681','12pemSeqcG-ov-bgrrsQli74vxmmzPOC','$2y$13$oDFA/ET.OvtrdJfTv61/6u15/tQybSXatTln7xCozGl8FAFsqJBaW',NULL,'prueba@email.com',4,1,1,'2015-01-01 00:00:00','2015-01-01 00:00:00'),(118,'7769388','12pemSeqcG-ov-bgrrsQli74vxmmzPOC','$2y$13$xHaLEQx81EuG4jptZnO.a.L1y3ggdF8XnMWkmB.Ley35mw8FgAKte',NULL,'prueba@email.com',4,1,1,'2015-01-01 00:00:00','2015-01-01 00:00:00'),(119,'12057039','12pemSeqcG-ov-bgrrsQli74vxmmzPOC','$2y$13$D.QFSPQXKgPYkx.0VoM08uKGya88rbRBEnfVnE.ED64W8HdQwJ6Pe',NULL,'prueba@email.com',4,1,1,'2015-01-01 00:00:00','2015-01-01 00:00:00'),(120,'25312863','12pemSeqcG-ov-bgrrsQli74vxmmzPOC','$2y$13$7mEwARryqYTDnfIdCTqonuzosveilhN5G11V5b7RePD5v7Ypbjygu',NULL,'prueba@email.com',4,1,1,'2015-01-01 00:00:00','2015-01-01 00:00:00'),(121,'30876015','12pemSeqcG-ov-bgrrsQli74vxmmzPOC','$2y$13$vKEZjubKwZkxbdc9alfJM.swVLk2jB2JJaOPwcFpy9wsZI74pjF46',NULL,'prueba@email.com',4,1,1,'2015-01-01 00:00:00','2015-01-01 00:00:00'),(122,'20350585','12pemSeqcG-ov-bgrrsQli74vxmmzPOC','$2y$13$mrOvwIA4hShrUKjV6op5b.miI1MEbBnvX.X6i21N/nySKEf.E7HhO',NULL,'prueba@email.com',4,1,1,'2015-01-01 00:00:00','2015-01-01 00:00:00'),(123,'14910480','12pemSeqcG-ov-bgrrsQli74vxmmzPOC','$2y$13$ax2iKJWaOfJZ87Vbo9kicegPrOCmvzWTktLANO4LktQhFR9qrP/9K',NULL,'prueba@email.com',4,1,1,'2015-01-01 00:00:00','2015-01-01 00:00:00'),(124,'22751203','12pemSeqcG-ov-bgrrsQli74vxmmzPOC','$2y$13$mB6fnFfFKZfLNohpMCAKp.cd/akVmDN8ThWqs6Ft1oMPESHyFjZKO',NULL,'prueba@email.com',4,1,1,'2015-01-01 00:00:00','2015-01-01 00:00:00'),(125,'24838834','12pemSeqcG-ov-bgrrsQli74vxmmzPOC','$2y$13$VSVe5IL5QBBui22rupuGjuUVPiVBNz5n3mmUmWnYzVZsBUDXt.Q2q',NULL,'prueba@email.com',4,1,1,'2015-01-01 00:00:00','2015-01-01 00:00:00'),(126,'13461228','12pemSeqcG-ov-bgrrsQli74vxmmzPOC','$2y$13$3C/Qi3sORW2Sq5.Llu7O4uEKwNs8SxP9X9grmx8ENRjth6zPIWj7e',NULL,'prueba@email.com',4,1,1,'2015-01-01 00:00:00','2015-01-01 00:00:00'),(127,'16786613','12pemSeqcG-ov-bgrrsQli74vxmmzPOC','$2y$13$GtjV/3DTpq1yDB1ZnCbxXu0ovVuKYHirJ5YEA6BQAiINjwnW76Kk.',NULL,'prueba@email.com',4,1,1,'2015-01-01 00:00:00','2015-01-01 00:00:00'),(128,'14248427','12pemSeqcG-ov-bgrrsQli74vxmmzPOC','$2y$13$.0rwFqNDvKIlIv83CNJMz.uU4JboVcptiWDLwCi5iWytoSPcZrv4e',NULL,'prueba@email.com',4,1,1,'2015-01-01 00:00:00','2015-01-01 00:00:00'),(129,'21832027','12pemSeqcG-ov-bgrrsQli74vxmmzPOC','$2y$13$3Nm60B2CzIofqbnJqPc4j.s/VzysPEb8cAtVBacKPewhsSR1tY6f6',NULL,'prueba@email.com',4,1,1,'2015-01-01 00:00:00','2015-01-01 00:00:00'),(130,'34803677','12pemSeqcG-ov-bgrrsQli74vxmmzPOC','$2y$13$ic6vQ9uKraThvE/DRo0OUuEJxNYylxxvIe4WigL/NgsBInCmo5QDm',NULL,'prueba@email.com',4,1,1,'2015-01-01 00:00:00','2015-01-01 00:00:00'),(131,'26381636','12pemSeqcG-ov-bgrrsQli74vxmmzPOC','$2y$13$7.IXCryuh2J7uxSqKNBm.OCrPAbhIwUs6CoYcL316uNZu8uHAZpk6',NULL,'prueba@email.com',4,1,1,'2015-01-01 00:00:00','2015-01-01 00:00:00'),(132,'30329167','12pemSeqcG-ov-bgrrsQli74vxmmzPOC','$2y$13$jDnyr6efqxrfjQbxo30wC.KCsVzAS7if1xgVoxJE3IB1O5hpiJbbu',NULL,'prueba@email.com',4,1,1,'2015-01-01 00:00:00','2015-01-01 00:00:00'),(133,'24876082','12pemSeqcG-ov-bgrrsQli74vxmmzPOC','$2y$13$CqkiQpqbyAkMJQ6xpzZJmu6n.BiQ2Y1A6Z1rIIfca85We9l1epXy2',NULL,'prueba@email.com',4,1,1,'2015-01-01 00:00:00','2015-01-01 00:00:00'),(134,'21177092','12pemSeqcG-ov-bgrrsQli74vxmmzPOC','$2y$13$Pd2DMNgyrtnGwSW6BM9XhOL/0WzAlNIaBppoRLZbdbm/oHBBu4WI6',NULL,'prueba@email.com',4,1,1,'2015-01-01 00:00:00','2015-01-01 00:00:00'),(135,'14909559','12pemSeqcG-ov-bgrrsQli74vxmmzPOC','$2y$13$sg.XkGog2e2fyyYDiXTI.uLHkWUYpMXCW0U44jpXl4.RJ3YYHcRWi',NULL,'prueba@email.com',4,1,1,'2015-01-01 00:00:00','2015-01-01 00:00:00'),(136,'18829274','12pemSeqcG-ov-bgrrsQli74vxmmzPOC','$2y$13$DxdyYijIfxtZ.DzQ5PUb9uwTFAbFFsWTBR/gTmUb0yobRCpjvyuMC',NULL,'prueba@email.com',4,1,1,'2015-01-01 00:00:00','2015-01-01 00:00:00'),(137,'25006782','12pemSeqcG-ov-bgrrsQli74vxmmzPOC','$2y$13$H5hB9kd/B.6inijHHLsyS.TjlcXuCU.QZo9d1ij2OsHYQU9/X0fn.',NULL,'prueba@email.com',4,1,1,'2015-01-01 00:00:00','2015-01-01 00:00:00'),(138,'18793294','12pemSeqcG-ov-bgrrsQli74vxmmzPOC','$2y$13$0rwYRGrtWex7XsOevURCLuyEFc7xmMiOhsM.zpw6ExmqLQuUWAXTW',NULL,'prueba@email.com',4,1,1,'2015-01-01 00:00:00','2015-01-01 00:00:00'),(139,'16180203','12pemSeqcG-ov-bgrrsQli74vxmmzPOC','$2y$13$wIi/nNx4qlEUVIIybg2njeu70pusG/4yrnnxA3wfmDVYbGEIZhEDC',NULL,'prueba@email.com',4,1,1,'2015-01-01 00:00:00','2015-01-01 00:00:00'),(140,'22378952','12pemSeqcG-ov-bgrrsQli74vxmmzPOC','$2y$13$jONPoK5VmAp/gxG72900uuMg/YIxOxl2sNPVDyNPpgT0yf0v/JEBi',NULL,'prueba@email.com',4,1,1,'2015-01-01 00:00:00','2015-01-01 00:00:00'),(141,'23214243','12pemSeqcG-ov-bgrrsQli74vxmmzPOC','$2y$13$V8yLYdVdXlOGYcM8MId5quuKqlGWtnMp.4Si5uPibQHkc8.PZKMRi',NULL,'prueba@email.com',4,1,1,'2015-01-01 00:00:00','2015-01-01 00:00:00'),(142,'22661519','12pemSeqcG-ov-bgrrsQli74vxmmzPOC','$2y$13$mNWFYYISNZ664yAlCa8bT.GYWajXje6y93XbMS.BM0SobGasXTG6m',NULL,'prueba@email.com',4,1,1,'2015-01-01 00:00:00','2015-01-01 00:00:00'),(143,'26429325','12pemSeqcG-ov-bgrrsQli74vxmmzPOC','$2y$13$1b0Xt6i1/3Z1WbvcbjjNjOgLy67dY5MghW5901CGSt8GU81Z/COGW',NULL,'prueba@email.com',4,1,1,'2015-01-01 00:00:00','2015-01-01 00:00:00'),(144,'17414230','12pemSeqcG-ov-bgrrsQli74vxmmzPOC','$2y$13$zlro95/DXKzAXEChuoOEqOE9SlxTHsGwEHzKkZoKGAfDcgCmGhYke',NULL,'prueba@email.com',4,1,1,'2015-01-01 00:00:00','2015-01-01 00:00:00'),(145,'20541448','12pemSeqcG-ov-bgrrsQli74vxmmzPOC','$2y$13$mqz.3zQiuX3oob5t8VfF.uda87T2XGWQA485KvDlLsJiti9rrDeCm',NULL,'prueba@email.com',4,1,1,'2015-01-01 00:00:00','2015-01-01 00:00:00'),(146,'24924669','12pemSeqcG-ov-bgrrsQli74vxmmzPOC','$2y$13$xbXlHyDetV5rV2eGnJCemOKMHwVYOuQ/o1/bmYBUcs2k6SLrF806G',NULL,'prueba@email.com',4,1,1,'2015-01-01 00:00:00','2015-01-01 00:00:00'),(147,'24134553','12pemSeqcG-ov-bgrrsQli74vxmmzPOC','$2y$13$w4OpkML6umpQccbLhEG9Eu/pVcUqnWWX6XZyeRk.lXXH.XZ1lwQV2',NULL,'prueba@email.com',4,1,1,'2015-01-01 00:00:00','2015-01-01 00:00:00'),(148,'24187500','12pemSeqcG-ov-bgrrsQli74vxmmzPOC','$2y$13$gS5KcX0/ZFod.8ftQi0CiORI1LGj3AP85vVXOU9eE6I8e.PpHpkkq',NULL,'prueba@email.com',4,1,1,'2015-01-01 00:00:00','2015-01-01 00:00:00'),(149,'12382888','12pemSeqcG-ov-bgrrsQli74vxmmzPOC','$2y$13$PD.kq0tl0zNDc9u/mZJRd.t/PauXhTxepHfXSei7X4GK99RztT0FS',NULL,'prueba@email.com',4,1,1,'2015-01-01 00:00:00','2015-01-01 00:00:00'),(150,'28932414','12pemSeqcG-ov-bgrrsQli74vxmmzPOC','$2y$13$Ta15RaGLuQTyF6jjvThBuOxAhsVjFjWqOw.F7T29NdrwNQW0jfKi.',NULL,'prueba@email.com',4,1,1,'2015-01-01 00:00:00','2015-01-01 00:00:00'),(151,'31455067','12pemSeqcG-ov-bgrrsQli74vxmmzPOC','$2y$13$DAGOZvDJLetP28TwlVvXmOOBj/IRzm/KYUQ4GV1rQUBjY27tLeFIS',NULL,'prueba@email.com',4,1,1,'2015-01-01 00:00:00','2015-01-01 00:00:00'),(152,'16110044','12pemSeqcG-ov-bgrrsQli74vxmmzPOC','$2y$13$1rPSe7hWIwuxvlC0at7bj.uOalMk2eqMAXIAkTV6Sml0D862OwZIC',NULL,'prueba@email.com',4,1,1,'2015-01-01 00:00:00','2015-01-01 00:00:00'),(153,'13823968','12pemSeqcG-ov-bgrrsQli74vxmmzPOC','$2y$13$/q7cuW6K.vMbTbaRh8wKme2dNyhFBVlHMA9gMVvPKbhzMKH0RLdQu',NULL,'prueba@email.com',4,1,1,'2015-01-01 00:00:00','2015-01-01 00:00:00'),(154,'18452522','12pemSeqcG-ov-bgrrsQli74vxmmzPOC','$2y$13$842uTovhgXutp1lcYCGvd.f9YgaJ8JTgzLVvc6tw97mgejTYfDODq',NULL,'prueba@email.com',4,1,1,'2015-01-01 00:00:00','2015-01-01 00:00:00'),(155,'20196053','12pemSeqcG-ov-bgrrsQli74vxmmzPOC','$2y$13$nSbpdSeBhK9tKsoRncW1xehFTCuKZKcXL51eqRlw742CTO1loEwGu',NULL,'prueba@email.com',4,1,1,'2015-01-01 00:00:00','2015-01-01 00:00:00'),(156,'22896217','12pemSeqcG-ov-bgrrsQli74vxmmzPOC','$2y$13$DSDrbxlAYSmmiJZWh/yFHuRPxgzGOyf4.JNBSIgioi67RqASJ.sF6',NULL,'prueba@email.com',4,1,1,'2015-01-01 00:00:00','2015-01-01 00:00:00'),(157,'10403133','12pemSeqcG-ov-bgrrsQli74vxmmzPOC','$2y$13$nabgS2i6bQY79Z9FsNq1guoVjjmy6vbthmW3yG4WP281L8RVRR0oy',NULL,'prueba@email.com',4,1,1,'2015-01-01 00:00:00','2015-01-01 00:00:00'),(158,'27290317','12pemSeqcG-ov-bgrrsQli74vxmmzPOC','$2y$13$0UnWiS7jsiEgZEoCHq5wnuHJdmQ/P1.tqx58HgYh/fTFYrNg0y0kS',NULL,'prueba@email.com',4,1,1,'2015-01-01 00:00:00','2015-01-01 00:00:00'),(159,'10388920','12pemSeqcG-ov-bgrrsQli74vxmmzPOC','$2y$13$e9ZibP30bTUkpEs1gTNk1.jEuM8VTEWJ/vokDyH5gYZTmC7.wQ3ZC',NULL,'prueba@email.com',4,1,1,'2015-01-01 00:00:00','2015-01-01 00:00:00'),(160,'21559652','12pemSeqcG-ov-bgrrsQli74vxmmzPOC','$2y$13$cxjAOkZv0P911jsYuj55r.KkFzKLQ5VsjK6ejyhp6EJGq4QL.rne2',NULL,'prueba@email.com',4,1,1,'2015-01-01 00:00:00','2015-01-01 00:00:00'),(161,'17536565','12pemSeqcG-ov-bgrrsQli74vxmmzPOC','$2y$13$Ri3YEBkSA8ZcoyHM4gzjPeQb81xudRmi.dwREQ2dx/OSaafixw/oO',NULL,'prueba@email.com',4,1,1,'2015-01-01 00:00:00','2015-01-01 00:00:00'),(162,'31398693','12pemSeqcG-ov-bgrrsQli74vxmmzPOC','$2y$13$2IgWHzE5w7lth6OScLttDe.DC2qhRpbVqmRh88TOStQBeMiJCNH4m',NULL,'prueba@email.com',4,1,1,'2015-01-01 00:00:00','2015-01-01 00:00:00'),(163,'10103641','12pemSeqcG-ov-bgrrsQli74vxmmzPOC','$2y$13$ycS4enTdosyfYV7PtuvIUu1P/KMM.m9DONtJWfRRfSltxiC706ElC',NULL,'prueba@email.com',4,1,1,'2015-01-01 00:00:00','2015-01-01 00:00:00'),(164,'23950921','12pemSeqcG-ov-bgrrsQli74vxmmzPOC','$2y$13$jGtnkZTPch.9fZX.togt3.pIHUwHPybJw5YNy.8w6JYNsrBsr7Amq',NULL,'prueba@email.com',4,1,1,'2015-01-01 00:00:00','2015-01-01 00:00:00'),(165,'31063438','12pemSeqcG-ov-bgrrsQli74vxmmzPOC','$2y$13$jyT2k1rs8IwjJecZlEFX9.knzHYyHPPgJUiS5e/kNeFqn.C1hNPMq',NULL,'prueba@email.com',4,1,1,'2015-01-01 00:00:00','2015-01-01 00:00:00'),(166,'92638504','12pemSeqcG-ov-bgrrsQli74vxmmzPOC','$2y$13$psnoVL9EiMM8SN/.Z4voJ.D64w/exmuvk2dLtyYD7iqQWIby6.7Bq',NULL,'prueba@email.com',4,1,1,'2015-01-01 00:00:00','2015-01-01 00:00:00'),(167,'29798211','12pemSeqcG-ov-bgrrsQli74vxmmzPOC','$2y$13$hxd3NZ7d3LdwkNYi6MWOVOOFsZqCpyhb1cC1l4g4opoNWQaVEM52O',NULL,'prueba@email.com',4,1,1,'2015-01-01 00:00:00','2015-01-01 00:00:00'),(168,'10388526','12pemSeqcG-ov-bgrrsQli74vxmmzPOC','$2y$13$gmmq1Xxtkp.UNBwdbcaHe.32jFze.wigTqkA8cLMOwvyguCr8SMuG',NULL,'prueba@email.com',4,1,1,'2015-01-01 00:00:00','2015-01-01 00:00:00'),(169,'23069736','12pemSeqcG-ov-bgrrsQli74vxmmzPOC','$2y$13$6Na24Mf9q9updJz.1Gb9je3Nu.TTEVa1qoSr/VOHYdmNgTLX6C5ZG',NULL,'prueba@email.com',4,1,1,'2015-01-01 00:00:00','2015-01-01 00:00:00'),(170,'13180225','12pemSeqcG-ov-bgrrsQli74vxmmzPOC','$2y$13$3vpwvPNFic6hvQY4voKf7eHNvEo1V9AryAvaQ/iFG6Qbq6gxWH3Jq',NULL,'prueba@email.com',4,1,1,'2015-01-01 00:00:00','2015-01-01 00:00:00'),(171,'29940824','12pemSeqcG-ov-bgrrsQli74vxmmzPOC','$2y$13$8L6hzDDPsBQWysoPcIUEWOjSPx1YDs7ldCXO3Mi6NssWAUO4dgibW',NULL,'prueba@email.com',4,1,1,'2015-01-01 00:00:00','2015-01-01 00:00:00'),(172,'32701596','12pemSeqcG-ov-bgrrsQli74vxmmzPOC','$2y$13$1c8tO38z3jCMUsd88Xs0mOt92MtV9/LWC/OGR41q/5l0kvPIiVBxe',NULL,'prueba@email.com',4,1,1,'2015-01-01 00:00:00','2015-01-01 00:00:00'),(173,'14397696','12pemSeqcG-ov-bgrrsQli74vxmmzPOC','$2y$13$Y2YGkAgPyQJDhpMFEtnySegMAAakszYsAk5TchtqGhBM.P2YhfI0S',NULL,'prueba@email.com',4,1,1,'2015-01-01 00:00:00','2015-01-01 00:00:00'),(174,'22154556','12pemSeqcG-ov-bgrrsQli74vxmmzPOC','$2y$13$vaQv60gSmzcjI8F5t4F2W.vtCSvvVDrUl2uClVhB0z9O3HbBNMzH.',NULL,'prueba@email.com',4,1,1,'2015-01-01 00:00:00','2015-01-01 00:00:00'),(175,'20122987','12pemSeqcG-ov-bgrrsQli74vxmmzPOC','$2y$13$haJWnpTIZM.Q8znv7vq1oO0.rIcEFtwMqfVFLOY4M6qTh1N4VGuDe',NULL,'prueba@email.com',4,1,1,'2015-01-01 00:00:00','2015-01-01 00:00:00'),(176,'16436245','12pemSeqcG-ov-bgrrsQli74vxmmzPOC','$2y$13$1Qaj6v77HQytnBd93jClqe.q7Ml8QCv3jUtIzU71tiq3XJztFTsui',NULL,'prueba@email.com',4,1,1,'2015-01-01 00:00:00','2015-01-01 00:00:00'),(177,'17464777','12pemSeqcG-ov-bgrrsQli74vxmmzPOC','$2y$13$IUzbZ/4/2jQ2QIOW3GmHOubnZl8.AHVHs4..0VJsa.6K0ej9/Uc2y',NULL,'prueba@email.com',4,1,1,'2015-01-01 00:00:00','2015-01-01 00:00:00'),(178,'11185785','12pemSeqcG-ov-bgrrsQli74vxmmzPOC','$2y$13$JPax1.DOi.jedvSvD66Cl.bzh/wZcTrWYBbCi2UU01/FShxvpFRUq',NULL,'prueba@email.com',4,1,1,'2015-01-01 00:00:00','2015-01-01 00:00:00'),(179,'18798782','12pemSeqcG-ov-bgrrsQli74vxmmzPOC','$2y$13$UYTVfKU.MqHIp.7oJLPTP.UASL6oZFj/FpPo5jSNzgqtH7lcCLZ4G',NULL,'prueba@email.com',4,1,1,'2015-01-01 00:00:00','2015-01-01 00:00:00'),(180,'20048779','12pemSeqcG-ov-bgrrsQli74vxmmzPOC','$2y$13$tLDKJrFxNgHpGYx.2mSZ/OObZyKInUXHkJ31TbsRXODSzRskZD55.',NULL,'prueba@email.com',4,1,1,'2015-01-01 00:00:00','2015-01-01 00:00:00'),(181,'13675016','12pemSeqcG-ov-bgrrsQli74vxmmzPOC','$2y$13$I9JyxqYVacnyMLrOat7rjedrtpxtjELhr5I/KtPX36Dz/MUANUtjm',NULL,'prueba@email.com',4,1,1,'2015-01-01 00:00:00','2015-01-01 00:00:00'),(182,'29034271','12pemSeqcG-ov-bgrrsQli74vxmmzPOC','$2y$13$eEVzTwI/R1D5xgrEg5WOqO/IS7Gce6fStxqKQbxPSTD2s2EPJcRza',NULL,'prueba@email.com',4,1,1,'2015-01-01 00:00:00','2015-01-01 00:00:00'),(183,'23252867','12pemSeqcG-ov-bgrrsQli74vxmmzPOC','$2y$13$mGaiw9suRGtJjUVN8N5eoukOZkWXHfO8B7gulg0IVxtzFhn..a3wu',NULL,'prueba@email.com',4,1,1,'2015-01-01 00:00:00','2015-01-01 00:00:00'),(184,'24187696','12pemSeqcG-ov-bgrrsQli74vxmmzPOC','$2y$13$dvl3Tc.16jJClnuXQQmWh.SLBvZ4bZX3KFDHbhl0mBjpQiYN3ppv6',NULL,'prueba@email.com',4,1,1,'2015-01-01 00:00:00','2015-01-01 00:00:00'),(185,'34023429','12pemSeqcG-ov-bgrrsQli74vxmmzPOC','$2y$13$yAJJk5GUsdBXSleVy7fabullGVCwHCtmOMbOORb9G4bTFCxu0dNYO',NULL,'prueba@email.com',4,1,1,'2015-01-01 00:00:00','2015-01-01 00:00:00'),(186,'30274908','12pemSeqcG-ov-bgrrsQli74vxmmzPOC','$2y$13$IKaEa5rfEl.YEFZCcUqGlO.Zz4uAgZ8MgNxYEaBKIj1./mORQ5nV.',NULL,'prueba@email.com',4,1,1,'2015-01-01 00:00:00','2015-01-01 00:00:00'),(187,'17135943','12pemSeqcG-ov-bgrrsQli74vxmmzPOC','$2y$13$pc//7YZlrPneDSIxlgfyHOpUUbrz6S44F.olhiOMqeP5e/zitw9ji',NULL,'prueba@email.com',4,1,1,'2015-01-01 00:00:00','2015-01-01 00:00:00'),(188,'22436372','12pemSeqcG-ov-bgrrsQli74vxmmzPOC','$2y$13$dwve5L19JOPKwVAabZvlOesNCuIccPhazYwpoj3UUaQT392Xd4RKu',NULL,'prueba@email.com',4,1,1,'2015-01-01 00:00:00','2015-01-01 00:00:00'),(189,'25545753','12pemSeqcG-ov-bgrrsQli74vxmmzPOC','$2y$13$pX6aWkZl3RUs0HJC9sdUReBqtAH6OEgYtMaLw1N3jKlFi5PHOA/xK',NULL,'prueba@email.com',4,1,1,'2015-01-01 00:00:00','2015-01-01 00:00:00'),(190,'13899867','12pemSeqcG-ov-bgrrsQli74vxmmzPOC','$2y$13$0EUlwcqOjhw9YwjUjphSmO0nWeNmO0ACFmZgkTOkUfDKC.e6uCvOq',NULL,'prueba@email.com',4,1,1,'2015-01-01 00:00:00','2015-01-01 00:00:00'),(191,'16862529','12pemSeqcG-ov-bgrrsQli74vxmmzPOC','$2y$13$v57U6SMuzcPvkCrz81x84OBOe7lbY07xNdISsDI39Kc72rZt9/332',NULL,'prueba@email.com',4,1,1,'2015-01-01 00:00:00','2015-01-01 00:00:00'),(192,'18861093','12pemSeqcG-ov-bgrrsQli74vxmmzPOC','$2y$13$8RY.r3tMmYHROoYp7LtOquuel7V8YY6Q53SiVgc2uS95RkUtHML7W',NULL,'prueba@email.com',4,1,1,'2015-01-01 00:00:00','2015-01-01 00:00:00'),(193,'14595423','12pemSeqcG-ov-bgrrsQli74vxmmzPOC','$2y$13$xO9CWvnyOIxSTVkWTNwTxej4I/gPXy63sbp2x4bp4QxMI3mXn721K',NULL,'prueba@email.com',4,1,1,'2015-01-01 00:00:00','2015-01-01 00:00:00'),(194,'30192013','12pemSeqcG-ov-bgrrsQli74vxmmzPOC','$2y$13$d2wArqXJFiCnGtSyCJF0Be4NSsQCwIZfqtrFyn1bYQ1yoHp6iAxaq',NULL,'prueba@email.com',4,1,1,'2015-01-01 00:00:00','2015-01-01 00:00:00'),(195,'21878059','12pemSeqcG-ov-bgrrsQli74vxmmzPOC','$2y$13$.XAJJV8ZMcYMDsZrnIWUcezT.0vYXskVHoMRaq5NvbUeTFoSX/Wuu',NULL,'prueba@email.com',4,1,1,'2015-01-01 00:00:00','2015-01-01 00:00:00'),(196,'20460813','12pemSeqcG-ov-bgrrsQli74vxmmzPOC','$2y$13$11ZgnZgPpuIRxABzTTWECeKHKB8V9XH29L0ivtPvh4H7AMOEXiGCW',NULL,'prueba@email.com',4,1,1,'2015-01-01 00:00:00','2015-01-01 00:00:00'),(197,'5894281','12pemSeqcG-ov-bgrrsQli74vxmmzPOC','$2y$13$waUuUbe9fp8edvkkqba5Ie2fxerFlm8e.WXyz0EaNU1CBMJrOjquu',NULL,'prueba@email.com',4,1,1,'2015-01-01 00:00:00','2015-01-01 00:00:00'),(198,'17824627','12pemSeqcG-ov-bgrrsQli74vxmmzPOC','$2y$13$X23piso6x7K6wM3lwljYoeoL6wZVndKyIxz.utb0XvngAfmMI.KsG',NULL,'prueba@email.com',4,1,1,'2015-01-01 00:00:00','2015-01-01 00:00:00'),(199,'22730845','12pemSeqcG-ov-bgrrsQli74vxmmzPOC','$2y$13$7fEWjND9LMzMnW3aj5BNauSj0MCr0JRUZgPq6eJWGIR5vGrDm3esu',NULL,'prueba@email.com',4,1,1,'2015-01-01 00:00:00','2015-01-01 00:00:00'),(200,'17590368','12pemSeqcG-ov-bgrrsQli74vxmmzPOC','$2y$13$ncWsX7PFYBsJXB2jhUS9U.0oeK5iTrhdBkjMJQtLHs3Xmrtm7mNxG',NULL,'prueba@email.com',4,1,1,'2015-01-01 00:00:00','2015-01-01 00:00:00'),(201,'18588204','12pemSeqcG-ov-bgrrsQli74vxmmzPOC','$2y$13$ujDO/vRRt4O20DSvwLVuWuhdb8tr3G1FqSQF4cMfnMpGwlm.z96Oi',NULL,'prueba@email.com',4,1,1,'2015-01-01 00:00:00','2015-01-01 00:00:00'),(202,'25423760','12pemSeqcG-ov-bgrrsQli74vxmmzPOC','$2y$13$cdoa9La7PGnrJ.dlWG0Slua/SMlsj3Lid9d0pifJp3RldKVV5QMlK',NULL,'prueba@email.com',4,1,1,'2015-01-01 00:00:00','2015-01-01 00:00:00'),(203,'27292099','12pemSeqcG-ov-bgrrsQli74vxmmzPOC','$2y$13$fUZchYX3J43GkqUhQy0oX.KyiUdVY2.cL/nQiN0pswGtUjot2W3Mm',NULL,'prueba@email.com',4,1,1,'2015-01-01 00:00:00','2015-01-01 00:00:00'),(204,'20750447','12pemSeqcG-ov-bgrrsQli74vxmmzPOC','$2y$13$f0AssnrJilntiALVsh.kYe.ZyFeKdt35Lc7XAsld8VGWLAWaU2GQW',NULL,'prueba@email.com',4,1,1,'2015-01-01 00:00:00','2015-01-01 00:00:00'),(205,'23069897','12pemSeqcG-ov-bgrrsQli74vxmmzPOC','$2y$13$lF9HcUjrTXtYNa1Em4x1Net7Ad/BDv/nerzFVkl0pz63A8MuD1nPO',NULL,'prueba@email.com',4,1,1,'2015-01-01 00:00:00','2015-01-01 00:00:00'),(206,'20695241','12pemSeqcG-ov-bgrrsQli74vxmmzPOC','$2y$13$0ffjIz4bGl0c1qFb7m0RvOfh5JOOsToM9fypaqVsAp26fvse81PI2',NULL,'prueba@email.com',4,1,1,'2015-01-01 00:00:00','2015-01-01 00:00:00'),(207,'23123156','12pemSeqcG-ov-bgrrsQli74vxmmzPOC','$2y$13$LnBCFbWbQfxTHwWg4FkIvOAvWcXQ7VyVBblyiflzHrBEQ0.hZqKgm',NULL,'prueba@email.com',4,1,1,'2015-01-01 00:00:00','2015-01-01 00:00:00'),(208,'26737678','12pemSeqcG-ov-bgrrsQli74vxmmzPOC','$2y$13$OD6iBf27lLi3JbYVwGpsMuAo9bZtISY3hXg/qACET6KNl7tZdZkT.',NULL,'prueba@email.com',4,1,1,'2015-01-01 00:00:00','2015-01-01 00:00:00'),(209,'24370609','12pemSeqcG-ov-bgrrsQli74vxmmzPOC','$2y$13$nM.30H2FNiSgCv2n8Y0bsux2uGnC5dgL50fElsQhBJSTIkYEo5YZK',NULL,'prueba@email.com',4,1,1,'2015-01-01 00:00:00','2015-01-01 00:00:00'),(210,'14930915','12pemSeqcG-ov-bgrrsQli74vxmmzPOC','$2y$13$uGkm0Kh8.Z.ORJCJ.EFtAehNnYY5SBqqkMYl...vtFt21iEzsHGGC',NULL,'prueba@email.com',4,1,1,'2015-01-01 00:00:00','2015-01-01 00:00:00'),(211,'12482659','12pemSeqcG-ov-bgrrsQli74vxmmzPOC','$2y$13$ZghKTX/z3HEW1K6/F9Uv5ejNbH/f2tsQgnynzERqsgtVKezQ5IkNC',NULL,'prueba@email.com',4,1,1,'2015-01-01 00:00:00','2015-01-01 00:00:00'),(212,'17135942','12pemSeqcG-ov-bgrrsQli74vxmmzPOC','$2y$13$yUO6gnorfL33uiKWFnx4FO2SMf2/1tYgEtjtLCW1xwqcvCk0GwohS',NULL,'prueba@email.com',4,1,1,'2015-01-01 00:00:00','2015-01-01 00:00:00'),(213,'16959175','12pemSeqcG-ov-bgrrsQli74vxmmzPOC','$2y$13$w5fPuAzL/VF8l8otjiWppeotr5nwoKsL52yPenITG3xYUms6Jdy7C',NULL,'prueba@email.com',4,1,1,'2015-01-01 00:00:00','2015-01-01 00:00:00'),(214,'22979018','12pemSeqcG-ov-bgrrsQli74vxmmzPOC','$2y$13$iofsdAeu.xzz.HJIvesNP.q38GfZCZbDJJcUgpXMPJOYqMY0IYEaK',NULL,'prueba@email.com',7,1,1,'2015-01-01 00:00:00','2019-02-28 21:21:06'),(215,'23270105','12pemSeqcG-ov-bgrrsQli74vxmmzPOC','$2y$13$GyKUH84HqHm9FWCxvSicUuiQE4OuhrucKNfx8Uw1Ocdo.l6ozTM.y',NULL,'prueba@email.com',4,1,1,'2015-01-01 00:00:00','2015-01-01 00:00:00'),(216,'22730863','12pemSeqcG-ov-bgrrsQli74vxmmzPOC','$2y$13$N49E/r30.z0K2CCBPO9mBeFdVnq90wMJTB/VlNmUKBqkgPITqQJX.',NULL,'prueba@email.com',4,1,1,'2015-01-01 00:00:00','2015-01-01 00:00:00'),(217,'32063812','12pemSeqcG-ov-bgrrsQli74vxmmzPOC','$2y$13$BR1IEdKhrqtPDvOECs4eIejC22yNuEDlI0Ky9hicMBuptMK2doTPW',NULL,'prueba@email.com',4,1,1,'2015-01-01 00:00:00','2015-01-01 00:00:00'),(218,'18559280','12pemSeqcG-ov-bgrrsQli74vxmmzPOC','$2y$13$RUOHzg4nF56F7cdq4vcaTu10RzVTp1MSLsrIyRiTlW1F3q6yLw/.S',NULL,'prueba@email.com',4,1,1,'2015-01-01 00:00:00','2015-01-01 00:00:00'),(219,'10994644','12pemSeqcG-ov-bgrrsQli74vxmmzPOC','$2y$13$8WTDDDQSfaICwTu95KflSO1S731A8USydws3V6opEaAbcrFJPQq5S',NULL,'prueba@email.com',4,1,1,'2015-01-01 00:00:00','2015-01-01 00:00:00'),(220,'26404268','12pemSeqcG-ov-bgrrsQli74vxmmzPOC','$2y$13$Ix.aIwYTGq1ImxN7xn05PutbEa4TynixHZcsm3MONN8hhf0xv2jYm',NULL,'prueba@email.com',4,1,1,'2015-01-01 00:00:00','2015-01-01 00:00:00'),(221,'28932667','12pemSeqcG-ov-bgrrsQli74vxmmzPOC','$2y$13$yJIAnnK/4yWXH649wvG3K.idK5yGOPwoi6pbB23URpG0yD/DhxgUe',NULL,'prueba@email.com',4,1,1,'2015-01-01 00:00:00','2015-01-01 00:00:00'),(222,'32972776','12pemSeqcG-ov-bgrrsQli74vxmmzPOC','$2y$13$uypjZfY.mUemBCqKuSfd8uXoYJfmWMTBeOdbEcuajfH.7LxVP6zOu',NULL,'prueba@email.com',4,1,1,'2015-01-01 00:00:00','2015-01-01 00:00:00'),(223,'24876414','12pemSeqcG-ov-bgrrsQli74vxmmzPOC','$2y$13$C2rDSkuYv0yGm9.KgtxVu.yojqU/IDz76.uj.4EV/JlqssPVg7qJ.',NULL,'prueba@email.com',4,1,1,'2015-01-01 00:00:00','2015-01-01 00:00:00'),(224,'21638861','12pemSeqcG-ov-bgrrsQli74vxmmzPOC','$2y$13$S7vuF21m6HjZh29HsY0El.fmP5WSTAh1b8HAcZjwY4nAjQld4Uowy',NULL,'prueba@email.com',4,1,1,'2015-01-01 00:00:00','2015-01-01 00:00:00'),(225,'30698298','12pemSeqcG-ov-bgrrsQli74vxmmzPOC','$2y$13$15deYjS956uld/CpMzYVW.RuqHfoqlfCotKyYxoK5OgcFn5aAueFK',NULL,'prueba@email.com',4,1,1,'2015-01-01 00:00:00','2015-01-01 00:00:00'),(226,'17530512','12pemSeqcG-ov-bgrrsQli74vxmmzPOC','$2y$13$BxOKS8XHUaVki0NEsmZbFeP5F9N5WCzm/I6DL0MLb4jX0fpoGbf/m',NULL,'prueba@email.com',4,1,1,'2015-01-01 00:00:00','2015-01-01 00:00:00'),(227,'14728390','12pemSeqcG-ov-bgrrsQli74vxmmzPOC','$2y$13$owcR/LKxIavv9Ar.1mHEhe7OpHu0uZ3ZbZGp9HNxFQ6InntzuPW0u',NULL,'prueba@email.com',4,1,1,'2015-01-01 00:00:00','2015-01-01 00:00:00'),(228,'18778861','12pemSeqcG-ov-bgrrsQli74vxmmzPOC','$2y$13$hPBhb8JaBYBMa7msdl2FY.z9BnZoBeCURwclLSnCNSkr9UM/cOVuy',NULL,'prueba@email.com',4,1,1,'2015-01-01 00:00:00','2015-01-01 00:00:00'),(229,'21604103','12pemSeqcG-ov-bgrrsQli74vxmmzPOC','$2y$13$qMzZyv7JM8yoI.3zaZ53neFT3MCHPoU2ZrFtoyA4EIE8D1DcCk0sq',NULL,'prueba@email.com',4,1,1,'2015-01-01 00:00:00','2015-01-01 00:00:00'),(230,'21451061','12pemSeqcG-ov-bgrrsQli74vxmmzPOC','$2y$13$GZoi/D7mLGQcC.lJA4S9Hu5uXbHYEDKMOEDfG6UjaRwAOpiRQgd7u',NULL,'prueba@email.com',4,1,1,'2015-01-01 00:00:00','2015-01-01 00:00:00'),(231,'31089997','12pemSeqcG-ov-bgrrsQli74vxmmzPOC','$2y$13$v6kIrLOlg168z0AacBD9cuY/3HDnDkM5nQVSYTEfORCyopqqnP7WG',NULL,'prueba@email.com',4,1,1,'2015-01-01 00:00:00','2015-01-01 00:00:00'),(232,'34331253','12pemSeqcG-ov-bgrrsQli74vxmmzPOC','$2y$13$PhWdrhJ7l/71E2iqkiRededLNIrMjGRqUxmA7c7wiuVG27MxUC57.',NULL,'prueba@email.com',4,1,1,'2015-01-01 00:00:00','2015-01-01 00:00:00'),(233,'28682658','12pemSeqcG-ov-bgrrsQli74vxmmzPOC','$2y$13$LU0cyaNKAAbA7ZnarxFe6uCuBf7pBeOkz6H1khG3uHibQDk1xkZsW',NULL,'prueba@email.com',4,1,1,'2015-01-01 00:00:00','2015-01-01 00:00:00'),(234,'32049404','12pemSeqcG-ov-bgrrsQli74vxmmzPOC','$2y$13$MJMql4t3UbvcyjVYQcszNON9zAvYJjBs32AnkGM9.CyqbN61ipyfi',NULL,'prueba@email.com',4,1,1,'2015-01-01 00:00:00','2015-01-01 00:00:00'),(235,'22325363','12pemSeqcG-ov-bgrrsQli74vxmmzPOC','$2y$13$I9MOWpLnzqYdGPBs/RK9DOnUUS7ZFhelR129QMpnhGLKhEky4j6ta',NULL,'prueba@email.com',4,1,1,'2015-01-01 00:00:00','2015-01-01 00:00:00'),(236,'27301252','12pemSeqcG-ov-bgrrsQli74vxmmzPOC','$2y$13$4Sytae/kLH1/BTA/ihgpQuf1qyfb7lihmpC52xTLyFe3lwJrJB/KC',NULL,'prueba@email.com',4,1,1,'2015-01-01 00:00:00','2015-01-01 00:00:00'),(237,'16786789','12pemSeqcG-ov-bgrrsQli74vxmmzPOC','$2y$13$wsyL.8Ato01RHKDzOODNZe9V7o14nj5ojvNGECIM9t/P29qBN0TAu',NULL,'prueba@email.com',4,1,1,'2015-01-01 00:00:00','2015-01-01 00:00:00'),(238,'94117153','12pemSeqcG-ov-bgrrsQli74vxmmzPOC','$2y$13$Ad2qmpHplD/mLN6ekyB7U.nM1qdBAms4KTBZh4As2sR3Oyik80hOy',NULL,'prueba@email.com',4,1,1,'2015-01-01 00:00:00','2015-01-01 00:00:00'),(239,'29898120','12pemSeqcG-ov-bgrrsQli74vxmmzPOC','$2y$13$8fvqvNhhJOl2d6SFsyryC.t3wKvFUdQKN.EwE6NJ1/ghqjE9O0Ise',NULL,'prueba@email.com',4,1,1,'2015-01-01 00:00:00','2015-01-01 00:00:00'),(240,'28616200','12pemSeqcG-ov-bgrrsQli74vxmmzPOC','$2y$13$MU6xhOQ3xYVQBtW50HA2pO.Lw0H3NfiRc10LtlkI3m2w77LpgkAmW',NULL,'prueba@email.com',4,1,1,'2015-01-01 00:00:00','2015-01-01 00:00:00'),(241,'23638852','12pemSeqcG-ov-bgrrsQli74vxmmzPOC','$2y$13$czZCMUqhkoS4Sh0NudzLJ.lljxHWhICYU.lr8rfF69zI8mtvCjf0y',NULL,'prueba@email.com',4,1,1,'2015-01-01 00:00:00','2015-01-01 00:00:00'),(242,'23245865','12pemSeqcG-ov-bgrrsQli74vxmmzPOC','$2y$13$r/zkDUDUa4RwmGjW.QfX4OgGJ.9SQ7big/YlNkfviXgvkdXWTBwIe',NULL,'prueba@email.com',4,1,1,'2015-01-01 00:00:00','2015-01-01 00:00:00'),(243,'25224878','12pemSeqcG-ov-bgrrsQli74vxmmzPOC','$2y$13$RJQ.KClycgRZsCmJAJYQKuu1o4fQ5x4LD6057TyLhTCA5JVMrZo3.',NULL,'prueba@email.com',4,1,1,'2015-01-01 00:00:00','2015-01-01 00:00:00'),(244,'32538204','12pemSeqcG-ov-bgrrsQli74vxmmzPOC','$2y$13$CAlhO85PgE7eQoO2s6wnaetYjQGSXBiXmU88flmYW4Ph2of9sf57y',NULL,'prueba@email.com',4,1,1,'2015-01-01 00:00:00','2015-01-01 00:00:00'),(245,'13097147','12pemSeqcG-ov-bgrrsQli74vxmmzPOC','$2y$13$zqKUhvuVXXiHanC4WFoGlOCiK5y8sGvaCj6Ga.fVsEv8DoPJrjZim',NULL,'prueba@email.com',4,1,1,'2015-01-01 00:00:00','2015-01-01 00:00:00'),(246,'26325482','12pemSeqcG-ov-bgrrsQli74vxmmzPOC','$2y$13$myo/eBqehzYhwNJ5gce3FuRa9HvvMXOVkFne7WYnjomDdYXXOX6WS',NULL,'prueba@email.com',4,1,1,'2015-01-01 00:00:00','2015-01-01 00:00:00'),(247,'16187995','12pemSeqcG-ov-bgrrsQli74vxmmzPOC','$2y$13$LV6o0sCMS4t6.hoY3A77DOshZO9q9FURnoJT5J85tgjqTtYmByw6y',NULL,'prueba@email.com',4,1,1,'2015-01-01 00:00:00','2015-01-01 00:00:00'),(248,'8569449','12pemSeqcG-ov-bgrrsQli74vxmmzPOC','$2y$13$MZCUWNUPgJzgdoi5V/o78esJxZrlMg8ItJPS5f8OdHHzB6QW0xWhW',NULL,'prueba@email.com',4,1,1,'2015-01-01 00:00:00','2015-01-01 00:00:00'),(249,'admin','Om3xl7PrKHacvNFLyeiDsCxo3TUhU_n0','$2y$13$G4TVVA.dxyQ0TeGhQaQN9O0rseOj8YbCL2j79pcRqsJHdr02TuQue',NULL,'superusuario@email.com',3,1,1,'2015-01-01 00:00:00','2019-03-08 19:30:09'),(250,'aacademica','','$2y$13$JzfqmTgY1Z3dTl9vBmsz9OR3qbK1wxbn8cJM8uEYWbmCG5r5Z4C0S',NULL,'aacademica@qeq.qq',6,1,1,'2019-03-01 20:05:16','2019-03-01 20:05:16');
/*!40000 ALTER TABLE `user` ENABLE KEYS */;
UNLOCK TABLES;
/*!40103 SET TIME_ZONE=@OLD_TIME_ZONE */;

/*!40101 SET SQL_MODE=@OLD_SQL_MODE */;
/*!40014 SET FOREIGN_KEY_CHECKS=@OLD_FOREIGN_KEY_CHECKS */;
/*!40014 SET UNIQUE_CHECKS=@OLD_UNIQUE_CHECKS */;
/*!40101 SET CHARACTER_SET_CLIENT=@OLD_CHARACTER_SET_CLIENT */;
/*!40101 SET CHARACTER_SET_RESULTS=@OLD_CHARACTER_SET_RESULTS */;
/*!40101 SET COLLATION_CONNECTION=@OLD_COLLATION_CONNECTION */;
/*!40111 SET SQL_NOTES=@OLD_SQL_NOTES */;

-- Dump completed on 2019-03-08 19:45:30
